"","link","AUROC","AUPR","Acc0","Recall0","Pre0","FPR0","Fmeasure0"
"1",1700,0.471179659981509,0.10192976839728,0.8007,0.138817480719794,0.0315420560747664,0.172510664863178,0.05140409328891
