"","MeanAUC","DyAcc"
"1",0.847368421052632,0.93
"2",0.88625730994152,0.925
"3",0.831711855396066,0.93
"4",0.902368421052632,0.94
