"","link","AUROC","AUPR","Acc0","Recall0","Pre0","FPR0","Fmeasure0"
"1",1497,0.49168976087388,0.093985701310914,0.8387,0.156626506024096,0.0173448965977318,0.149786455155583,0.0312312312312312
