"","link","AUROC","AUPR","Acc0","Recall0","Pre0","FPR0","Fmeasure0"
"1",1718,0.34886444546413,0.306639863063751,0.4593,0.533575317604356,0.0540044085231447,0.545031220234946,0.0980817347789825
