"","link","MeanAUC","DyAcc","AUROC","AUPR","Acc0","Recall0","Pre0","FPR0","Fmeasure0"
"1",415,0.997441730227445,0.980952380952381,0.493115221551045,0.120376560788609,0.8144,0.181818181818182,0.0337349397590361,0.165497317375155,0.0569105691056911
