"","link","AUROC","AUPR","Acc0","Recall0","Pre0","FPR0","Fmeasure0"
"1",53,0.489444444444445,0.114504422720312,0.1,1,0.1,1,0.181818181818182
