"","link","AUROC","AUPR","Acc0","Recall0","Pre0","FPR0","Fmeasure0"
"1",414,0.513086468085919,0.0685704679181842,0.9363,0.0697674418604651,0.0433734939759036,0.0407513857524122,0.0534918276374443
"2",264,0.509720557833977,0.0582830866807611,0.9502,0.0465116279069767,0.0454545454545455,0.0258673783617327,0.0459770114942529
"3",882,0.529434407719155,0.113549994726573,0.8942,0.158914728682171,0.0464852607709751,0.0863272428659413,0.0719298245614035
"4",681,0.485464519486472,0.041744187753987,0.9083,0.0426356589147287,0.0161527165932452,0.0687743789776227,0.0234291799787007
"5",364,0.481318004516526,0.0129,0.9378,0,0,0.0373639909669472,0
