"","link","AUROC","AUPR","Acc0","Recall0","Pre0","FPR0","Fmeasure0"
"1",48,0.558035714285714,0.252500000000001,0.835,0.25,0.1875,0.107142857142857,0.214285714285714
"2",90,0.473443223443223,0.190555555555555,0.725,0.222222222222222,0.0888888888888889,0.225274725274725,0.126984126984127
"3",84,0.587301587301589,0.342460317460322,0.78,0.444444444444444,0.19047619047619,0.186813186813187,0.266666666666667
"4",76,0.471153846153843,0.160307017543859,0.75,0.166666666666667,0.0789473684210526,0.192307692307692,0.107142857142857
"5",13,0.496947496947497,0.0961004273504273,0.8825,0.0277777777777778,0.0769230769230769,0.032967032967033,0.0408163265306122
"6",48,0.434065934065934,0.045,0.79,0,0,0.131868131868132,0
