"","link","AUROC","AUPR","Acc0","Recall0","Pre0","FPR0","Fmeasure0"
"1",258,0.494305007169468,0.0280855257707557,0.9488,0.0155038759689922,0.0152671755725191,0.0264832683227263,0.0153846153846154
"2",258,0.486655717511805,0.0129,0.9482,0,0,0.0266885649763909,0
"3",258,0.488696549265627,0.0167259689922481,0.9486,0.00387596899224806,0.00387596899224806,0.0263806199958941,0.00387596899224806
"4",258,0.508100265930782,0.0549856589147286,0.9506,0.0426356589147287,0.0426356589147287,0.0253541367275713,0.0426356589147287
"5",258,0.492574109704803,0.0243779069767442,0.949,0.0116279069767442,0.0116279069767442,0.0261753233422295,0.0116279069767442
