"","link","AUROC","AUPR","Acc0","Recall0","Pre0","FPR0","Fmeasure0"
"1",80,0.49023199023199,0.19611111111111,0.75,0.222222222222222,0.1,0.197802197802198,0.137931034482759
"2",54,0.506410256410255,0.176388888888889,0.805,0.166666666666667,0.111111111111111,0.131868131868132,0.133333333333333
"3",39,0.460241147741148,0.0704594017094017,0.8175,0.0277777777777778,0.0256410256410256,0.104395604395604,0.0266666666666667
"4",28,0.548076923076922,0.227976190476191,0.87,0.166666666666667,0.214285714285714,0.0604395604395604,0.1875
"5",43,0.496031746031745,0.142067183462532,0.8225,0.111111111111111,0.0930232558139535,0.107142857142857,0.10126582278481
"6",45,0.492979242979242,0.14,0.8175,0.111111111111111,0.0888888888888889,0.112637362637363,0.0987654320987654
