"","link","AUROC","AUPR","Acc0","Recall0","Pre0","FPR0","Fmeasure0"
"1",258,0.515872892725337,0.0702895348837209,0.9514,0.0581395348837209,0.0581395348837209,0.0249435434202422,0.0581395348837209
"2",258,0.510042825836823,0.0588116279069768,0.9508,0.0465116279069767,0.0465116279069767,0.0252514884007391,0.0465116279069767
"3",258,0.523651885307603,0.0855934108527134,0.9522,0.0736434108527132,0.0736434108527132,0.0245329501129132,0.0736434108527132
"4",258,0.490635130554349,0.0205519379844961,0.9488,0.00775193798449612,0.00775193798449612,0.0262779716690618,0.00775193798449612
"5",258,0.486758365838637,0.0129,0.9484,0,0,0.0264832683227263,0
