"","link","AUROC","AUPR","Acc0","Recall0","Pre0","FPR0","Fmeasure0"
"1",470,0.492902942426225,0.0394460005925048,0.9289,0.0348837209302326,0.0191082802547771,0.04742352699651,0.0246913580246914
"2",451,0.486355729765946,0.0278831597311745,0.9301,0.0193798449612403,0.0110864745011086,0.0457811537671936,0.0141043723554302
"3",755,0.475975915042197,0.0333018892140254,0.9003,0.0310077519379845,0.0105960264900662,0.0766783001437077,0.0157946692991115
"4",487,0.512933291319134,0.0711935708259712,0.9295,0.0775193798449612,0.0410677618069815,0.0479367686306713,0.0536912751677852
"5",744,0.47840267267597,0.0359402475618905,0.9016,0.0348837209302326,0.0120967741935484,0.0754465202217204,0.0179640718562874
