"","link","AUROC","AUPR","Acc0","Recall0","Pre0","FPR0","Fmeasure0"
"1",1497,0.458919264611834,0.0543618505518135,0.8338,0.0843373493975904,0.00918635170603675,0.153548911938174,0.0165680473372781
