"","min","max","links","AUROC","AUPR","Acc","Recall","Pre","FPR","Fmeasure","AUROC0","AUPR0","Acc0","Recall0","Pre0","FPR0","Fmeasure0"
"1",0,6,36,0.424615384615384,0.0503064069816945,0.59,0.222222222222222,0.0555555555555556,0.373626373626374,0.0888888888888889,0.510214504596526,0.174323406478578,0.61,0.363636363636364,0.111111111111111,0.359550561797753,0.170212765957447
"2",2,7,37,0.408888888888889,0.0476444731738849,0.58,0.222222222222222,0.0540540540540541,0.384615384615385,0.0869565217391304,0.466802860061287,0.17914754363284,0.6,0.363636363636364,0.108108108108108,0.370786516853933,0.166666666666667
"3",1,4,28,0.468706730223584,0.115830164388987,0.67,0.222222222222222,0.0714285714285714,0.285714285714286,0.108108108108108,0.423153209670064,0.11832810677582,0.67,0.222222222222222,0.0714285714285714,0.285714285714286,0.108108108108108
"4",0,6,36,0.308510638297872,0.005,0.58,0,0,0.382978723404255,0,0.450123808722775,0.132130864342711,0.6,0.25,0.0555555555555556,0.369565217391304,0.0909090909090909
