"","link","AUROC","AUPR","Acc0","Recall0","Pre0","FPR0","Fmeasure0"
"1",1996,0.479833123412305,0.11154862809076,0.7915,0.201680672268908,0.0119165839126117,0.201396619775326,0.0225035161744023
