"","min","max","links","AUROC","AUPR","Acc","Recall","Pre","FPR","Fmeasure","AUROC0","AUPR0","Acc0","Recall0","Pre0","FPR0","Fmeasure0"
"1",NA,NA,NA,0.464146253284786,0.00602723056858319,0.8803,0.025974025974026,0.00380589914367269,0.106337599024985,0.00663900414937759,0.454654811356284,0.00826805031697374,0.88,0.00662251655629139,0.000951474785918173,0.106609808102345,0.00166389351081531
"2",NA,NA,NA,0.464146253284786,0.00602723056858319,0.8803,0.025974025974026,0.00380589914367269,0.106337599024985,0.00663900414937759,0.454654811356284,0.00826805031697374,0.88,0.00662251655629139,0.000951474785918173,0.106609808102345,0.00166389351081531
