"","link","AUROC","AUPR","Acc0","Recall0","Pre0","FPR0","Fmeasure0"
"1",36003,0,0.505529629332906,0.0110592586658121,1,0.0110592586658121,1,0.0218765785902714
