"","link","AUROC","AUPR","Acc0","Recall0","Pre0","FPR0","Fmeasure0"
"1",2726,0.480262095238089,0.193293519197847,0.7137,0.317333333333333,0.0436537050623624,0.270857142857143,0.0767494356659142
