"","link","AUROC","AUPR","Acc0","Recall0","Pre0","FPR0","Fmeasure0"
"1",36003,0.49223209081204,0.0224795991723891,0.94831223628692,0.0269644833484254,0.00723366352668088,0.0413843929497674,0.0114071677875202
