"","link","AUROC","AUPR","Acc0","Recall0","Pre0","FPR0","Fmeasure0"
"1",557,0.478632478632477,0.183013605442177,0.7328,0.25,0.0680272108843537,0.234188034188034,0.106951871657754
