"","link","AUROC","AUPR","Acc0","Recall0","Pre0","FPR0","Fmeasure0"
"1",417,0.4455363153332,0.240287821407216,0.6332,0.364161849710983,0.0724137931034483,0.346798452943704,0.120805369127517
