"","link","MeanAUC","DyAcc","AUROC","AUPR","Acc0","Recall0","Pre0","FPR0","Fmeasure0"
"1",576,0.99769387755102,0.783809523809524,0.465165127418032,0.125923431899642,0.7552,0.209677419354839,0.0225694444444444,0.230926989335521,0.0407523510971787
