"","link","AUROC","AUPR","Acc0","Recall0","Pre0","FPR0","Fmeasure0"
"1",1718,0.472525156062762,0.121182120108439,0.7855,0.148820326678766,0.0466439135381115,0.177373267012382,0.0710264183629277
