"","link","AUROC","AUPR","Acc0","Recall0","Pre0","FPR0","Fmeasure0"
"1",48,0.379607843137265,0.346250000000005,0.51,0.466666666666667,0.145833333333333,0.482352941176471,0.222222222222222
