"","link","AUROC","AUPR","Acc0","Recall0","Pre0","FPR0","Fmeasure0"
"1",415,0.295053893691943,0.280280864208065,0.3924,0.519480519480519,0.026281208935611,0.611638464713166,0.0500312695434647
