"","AUROC","AUPR","AUROC0","AUPR0"
"1",0.314132104454685,0.019994117070301,0.433093881427214,0.127190215454185
"2",0.369237316990126,0.0476289451289451,0.368462717058223,0.0669249824249825
"3",0.394993894993894,0.101091970523496,0.268817204301075,0.035
"4",0.268817204301075,0.005,0.349453601953602,0.0524081691536191
