"","Acc","Recall","Pre","FPR","Fmeasure","Acc0","Recall0","Pre0","FPR0","Fmeasure0"
"1",0.47,0.142857142857143,0.0208333333333333,0.505376344086022,0.0363636363636364,0.49,0.333333333333333,0.0625,0.494505494505495,0.105263157894737
"2",0.52,0.2,0.0476190476190476,0.444444444444444,0.0769230769230769,0.52,0.2,0.0476190476190476,0.444444444444444,0.0769230769230769
"3",0.52,0.222222222222222,0.0465116279069767,0.450549450549451,0.0769230769230769,0.5,0,0,0.462365591397849,0
"4",0.5,0,0,0.462365591397849,0,0.51,0.125,0.0232558139534884,0.456521739130435,0.0392156862745098
