"","link","AUROC","AUPR","Acc0","Recall0","Pre0","FPR0","Fmeasure0"
"1",1718,0.498421653814852,0.155897300349886,0.794,0.203266787658802,0.0646278130409694,0.171552545242883,0.0980735551663748
