"","link","AUROC","AUPR","Acc0","Recall0","Pre0","FPR0","Fmeasure0"
"1",1718,0.481783090385504,0.0517906230672232,0.0551,1,0.0551,1,0.104445076296086
