"","link","AUROC","AUPR","Acc0","Recall0","Pre0","FPR0","Fmeasure0"
"1",48,0.434117647058798,0.522142857142853,0.53,0.8,0.214285714285714,0.517647058823529,0.338028169014085
