"","min","max","links","AUROC","AUPR","Acc","Recall","Pre","FPR","Fmeasure","AUROC0","AUPR0","Acc0","Recall0","Pre0","FPR0","Fmeasure0"
"1",NA,NA,NA,0.475470699448153,0.0357390760700588,0.8056,0.093167701863354,0.0422535211267606,0.145361265498076,0.0581395348837209,0.462611360688901,0.0442943787519685,0.8032,0.0580645161290323,0.0253521126760563,0.147547974413646,0.0352941176470588
"2",NA,NA,NA,0.475470699448153,0.0357390760700588,0.8056,0.093167701863354,0.0422535211267606,0.145361265498076,0.0581395348837209,0.462611360688901,0.0442943787519685,0.8032,0.0580645161290323,0.0253521126760563,0.147547974413646,0.0352941176470588
