"","link","MeanAUC","DyAcc","AUROC","AUPR","Acc0","Recall0","Pre0","FPR0","Fmeasure0"
"1",40,1,0.4,0.402097902097893,0.351818181818182,0.54,0.363636363636364,0.2,0.41025641025641,0.258064516129032
