"","link","AUROC","AUPR","Acc0","Recall0","Pre0","FPR0","Fmeasure0"
"1",45,0.541368743615919,0.519090909090906,0.62,0.818181818181818,0.2,0.404494382022472,0.321428571428571
