"","link","AUROC","AUPR","Acc0","Recall0","Pre0","FPR0","Fmeasure0"
"1",557,0.353440170940161,0.290012174578868,0.476,0.4875,0.0597243491577335,0.524786324786325,0.106412005457026
