"","link","MeanAUC","DyAcc","AUROC","AUPR","Acc0","Recall0","Pre0","FPR0","Fmeasure0"
"1",557,0.998780723905724,0.987619047619048,0.489615384615384,0.188729308797127,0.746,0.25625,0.0736086175942549,0.220512820512821,0.114365411436541
