"","min","max","links","AUROC","AUPR","Acc","Recall","Pre","FPR","Fmeasure","AUROC0","AUPR0","Acc0","Recall0","Pre0","FPR0","Fmeasure0"
"1",1,6,38,0.4522832080494,0.0940266421772727,0.6,0.416666666666667,0.131578947368421,0.375,0.2,0.298913043478261,0.035,0.55,0,0,0.408602150537634,0
"2",3,5,38,0.425434116445352,0.0707098424868987,0.59,0.363636363636364,0.105263157894737,0.382022471910112,0.163265306122449,0.315217391304348,0.035,0.55,0,0,0.408602150537634,0
"3",2,6,39,0.352785145888594,0.0525759912602018,0.52,0.153846153846154,0.0512820512820513,0.425287356321839,0.0769230769230769,0.314393939393939,0.0681578947368421,0.51,0.0833333333333333,0.0256410256410256,0.431818181818182,0.0392156862745098
"4",2,5,33,0,0,NA,NA,NA,NA,NA,0,0,NA,NA,NA,NA,NA
