"","link","MeanAUC","DyAcc","AUROC","AUPR","Acc0","Recall0","Pre0","FPR0","Fmeasure0"
"1",585,1,0.490476190476191,0.442237083661158,0.104179403794038,0.7436,0.158536585365854,0.0222222222222222,0.236559139784946,0.0389805097451274
