"","min","max","links","AUROC","AUPR","Acc","Recall","Pre","FPR","Fmeasure","AUROC0","AUPR0","Acc0","Recall0","Pre0","FPR0","Fmeasure0"
"1",2,5,36,0.409753163293017,0.0550160650352857,0.57,0.181818181818182,0.0555555555555556,0.382022471910112,0.0851063829787234,0.479975690850024,0.119683966403112,0.59,0.307692307692308,0.111111111111111,0.367816091954023,0.163265306122449
"2",2,5,36,0.409753163293017,0.0550160650352857,0.57,0.181818181818182,0.0555555555555556,0.382022471910112,0.0851063829787234,0.479975690850024,0.119683966403112,0.59,0.307692307692308,0.111111111111111,0.367816091954023,0.163265306122449
