"","link","AUROC","AUPR","Acc0","Recall0","Pre0","FPR0","Fmeasure0"
"1",414,0.449981618787986,0.0176338233983783,0.8702,0.00775193798449612,0.00191570881226054,0.106959556559228,0.00307219662058372
"2",264,0.489355010431935,0.0232514534883721,0.9428,0.0116279069767442,0.009375,0.0325395196058304,0.0103806228373702
"3",882,0,0.5129,0.0258,1,0.0258,1,0.0503022031585104
"4",681,0,0.5129,0.0258,1,0.0258,1,0.0503022031585104
"5",364,0.508193564506914,0.0585625521765056,0.9406,0.0542635658914729,0.0384615384615385,0.0359269143912954,0.045016077170418
