"","link","AUROC","AUPR","Acc0","Recall0","Pre0","FPR0","Fmeasure0"
"1",80,0.464323870573871,0.173244949494949,0.725,0.194444444444444,0.0795454545454545,0.222527472527473,0.112903225806452
"2",54,0.479242979242978,0.132592592592593,0.795,0.111111111111111,0.0740740740740741,0.137362637362637,0.0888888888888889
"3",39,0.511561355311355,0.167718253968253,0.83,0.138888888888889,0.119047619047619,0.101648351648352,0.128205128205128
"4",28,0.518925518925519,0.166984126984127,0.86,0.111111111111111,0.142857142857143,0.0659340659340659,0.125
"5",43,0.522435897435898,0.189015151515152,0.83,0.166666666666667,0.136363636363636,0.104395604395604,0.15
"6",45,0.491452991452991,0.139033816425121,0.815,0.111111111111111,0.0869565217391304,0.115384615384615,0.0975609756097561
