"","link","AUROC","AUPR","Acc0","Recall0","Pre0","FPR0","Fmeasure0"
"1",48,0.471726190476191,0.112916666666667,0.8,0.0833333333333333,0.06,0.129120879120879,0.0697674418604651
"2",90,0,0.545000000000002,0.09,1,0.09,1,0.165137614678899
"3",84,0,0.545000000000002,0.09,1,0.09,1,0.165137614678899
"4",76,0,0.545000000000002,0.09,1,0.09,1,0.165137614678899
"5",13,0.478021978021978,0.045,0.87,0,0,0.043956043956044,0
"6",48,0.488400488400488,0.137222222222222,0.81,0.111111111111111,0.0833333333333333,0.120879120879121,0.0952380952380952
