"","link","AUROC","AUPR","Acc0","Recall0","Pre0","FPR0","Fmeasure0"
"1",470,0.465098972084429,0.0154863085184704,0.9028,0.00387596899224806,0.00139664804469274,0.0733935536850749,0.00205338809034908
"2",451,0.505280420905884,0.0595011945609354,0.9286,0.062015503875969,0.0327868852459016,0.0484500102648327,0.0428954423592493
"3",755,0,0.5129,0.0258,1,0.0258,1,0.0503022031585104
"4",487,0,0.5129,0.0258,1,0.0258,1,0.0503022031585104
"5",744,0,0.5129,0.0258,1,0.0258,1,0.0503022031585104
