"","link","AUROC","AUPR","Acc0","Recall0","Pre0","FPR0","Fmeasure0"
"1",415,0.50395291872799,0.135280756174281,0.8152,0.207792207792208,0.0383693045563549,0.165497317375155,0.0647773279352227
