"","link","AUROC","AUPR","Acc0","Recall0","Pre0","FPR0","Fmeasure0"
"1",557,0.492779113247867,0.0687424135900079,0.064,1,0.064,1,0.120300751879699
