"","link","AUROC","AUPR","Acc0","Recall0","Pre0","FPR0","Fmeasure0"
"1",45,0.367722165474959,0.400681818181816,0.47,0.636363636363636,0.125,0.550561797752809,0.208955223880597
