"","min","max","links","MeanAUC","DyAcc","AUROC","AUPR","Acc","Recall","Pre","FPR","Fmeasure","AUROC0","AUPR0","Acc0","Recall0","Pre0","FPR0","Fmeasure0"
"1",4,7,57,0.947368421052632,0.97,0.605409715128818,0.167098028925228,0.49,0.8,0.140350877192982,0.544444444444444,0.238805970149254,0.619509703779368,0.179453959742631,0.5,0.818181818181818,0.157894736842105,0.539325842696629,0.264705882352941
"2",3,5,42,0.914540138224349,0.92,0.490650013047017,0.0776098783314403,0.57,0.444444444444444,0.0952380952380952,0.417582417582418,0.156862745098039,0.528089887640449,0.110961292998644,0.59,0.545454545454545,0.142857142857143,0.404494382022472,0.226415094339623
"3",2,7,48,0.948378522062733,0.97,0.484830325729202,0.0852106802743475,0.52,0.5,0.104166666666667,0.477777777777778,0.172413793103448,0.503575076608785,0.10377832686831,0.53,0.545454545454545,0.125,0.471910112359551,0.203389830508475
"4",3,6,45,0.952368421052632,0.96,0.674157303370787,0.198822971200494,0.62,0.818181818181818,0.2,0.404494382022472,0.321428571428571,0.674157303370787,0.199732062109584,0.62,0.818181818181818,0.2,0.404494382022472,0.321428571428571
