"","link","AUROC","AUPR","Acc0","Recall0","Pre0","FPR0","Fmeasure0"
"1",1708,0.534764556962028,0.15897016364699,0.8236,0.288,0.0210403272939801,0.169620253164557,0.0392156862745098
