"","link","AUROC","AUPR","Acc0","Recall0","Pre0","FPR0","Fmeasure0"
"1",414,0.495877356733969,0.0407352339590922,0.9345,0.0348837209302326,0.0216867469879518,0.0416752206939027,0.0267459138187221
"2",264,0.498078327834884,0.0355915433403806,0.949,0.0232558139534884,0.0227272727272727,0.0264832683227263,0.0229885057471264
"3",882,0.490978087367254,0.0619719071170508,0.8898,0.0775193798449612,0.0226244343891403,0.0886881543830836,0.0350262697022767
"4",681,0.505594731674091,0.0704473037473341,0.9099,0.0852713178294574,0.0320232896652111,0.0682611373434613,0.0465608465608466
"5",364,0.515831714036084,0.071541255176808,0.9413,0.0697674418604651,0.0493150684931507,0.0356189694107986,0.057784911717496
