"","link","AUROC","AUPR","Acc0","Recall0","Pre0","FPR0","Fmeasure0"
"1",48,0.486874236874236,0.136371882086168,0.8075,0.111111111111111,0.0816326530612245,0.123626373626374,0.0941176470588235
"2",90,0.436469780219781,0.135972222222222,0.71,0.138888888888889,0.0555555555555556,0.233516483516484,0.0793650793650794
"3",84,0.496222527472529,0.212321428571428,0.745,0.25,0.107142857142857,0.206043956043956,0.15
"4",76,0.471153846153843,0.160307017543859,0.75,0.166666666666667,0.0789473684210526,0.192307692307692,0.107142857142857
"5",13,0.496947496947497,0.0961004273504273,0.8825,0.0277777777777778,0.0769230769230769,0.032967032967033,0.0408163265306122
"6",48,0.529952686202686,0.206388888888888,0.825,0.194444444444444,0.145833333333333,0.112637362637363,0.166666666666667
