"","link","AUROC","AUPR","Acc0","Recall0","Pre0","FPR0","Fmeasure0"
"1",1996,0.570971451023482,0.0160382391016129,0.0119,1,0.0119,1,0.0235201106828738
