"G1"	"G2"	"G3"	"G4"	"G5"	"G6"	"G7"	"G8"	"G9"	"G10"	"G2_prot"	"G3_prot"	"G4_prot"	"G5_prot"	"G6_prot"	"G7_prot"	"G8_prot"	"G9_prot"	"G10_prot"
0.20467938119524393	0.8789311877743107	0.7642369260459283	0.5233274063184763	0.1209992541203899	0.7088881740802291	0.568803160978788	0.146024061994453	0.803893127829441	0.758059873957049	0.20467938119524393	0.8789311877743107	0.7642369260459284	0.5233274063184763	0.12099925412038992	0.7088881740802291	0.568803160978788	0.146024061994453	0.8038931278294411	0.7580598739570489
0.5601636706008797	0.9845427477075402	0.09939919806747582	0.4832460886610672	0.18932530416864185	0.9819945018066525	0.0661349629826189	0.16863720391986076	0.8719841551144321	0.623176717852446	0.5601636706008797	0.9845427477075404	0.09939919806747584	0.4832460886610672	0.18932530416864185	0.9819945018066524	0.0661349629826189	0.16863720391986076	0.8719841551144321	0.623176717852446
0.1386283205954257	0.040693423766084535	0.3692850390379161	0.4367516955475157	0.32241125247405394	0.2517453748799503	0.9688603993567726	0.31735667468659207	0.6163941891476393	0.21400678432025544	0.1386283205954257	0.040693423766084535	0.3692850390379161	0.4367516955475157	0.32241125247405394	0.2517453748799503	0.9688603993567726	0.31735667468659207	0.6163941891476393	0.21400678432025544
0.24681123131951055	0.3308675272129308	0.2529228095989974	0.14872425990376859	0.804519074670026	0.8243961262635834	0.9428410469445209	0.6154327004828503	0.04591900806337055	0.6652711432638754	0.24681123131951055	0.3308675272129308	0.2529228095989974	0.14872425990376859	0.804519074670026	0.8243961262635834	0.9428410469445209	0.6154327004828503	0.04591900806337055	0.6652711432638754
