"G1"	"G2"	"G3"	"G4"	"G5"	"G6"	"G7"	"G8"	"G9"	"G10"	"G2_prot"	"G3_prot"	"G4_prot"	"G5_prot"	"G6_prot"	"G7_prot"	"G8_prot"	"G9_prot"	"G10_prot"
0.288652386641126	0.5896956175274304	0.9885833803272237	0.17844259795498416	0.1638541248055131	0.3348319302736729	0.6417480024388098	0.5400939666921916	0.9804316575478149	0.8762175079279957	0.288652386641126	0.5896956175274304	0.9885833803272237	0.17844259795498416	0.1638541248055131	0.3348319302736729	0.6417480024388098	0.5400939666921916	0.9804316575478149	0.8762175079279956
0.1284466332546843	0.928285528722543	0.46764437049803576	0.5923556456082318	0.9837016440494117	0.27848955088465543	0.26470209719229015	0.5081447799383975	0.3621655810697655	0.38888003241100166	0.1284466332546843	0.928285528722543	0.46764437049803576	0.5923556456082318	0.9837016440494117	0.27848955088465543	0.26470209719229015	0.5081447799383975	0.3621655810697655	0.38888003241100166
0.24767121093373984	0.7884365052319912	0.16818900548676494	0.742117305055025	0.8948805967398209	0.5770759312114687	0.051581277309572626	0.9963029082297071	0.09031768079146585	0.5118280619380485	0.24767121093373987	0.7884365052319912	0.16818900548676494	0.742117305055025	0.8948805967398209	0.5770759312114687	0.051581277309572626	0.9963029082297071	0.09031768079146585	0.5118280619380485
0.502070127570976	0.6573906775743077	0.6638573253739088	0.6867567892429931	0.4182268694369516	0.19477586839734956	0.9405750181819257	0.6951609280526061	0.6579073359905772	0.8236187838832159	0.502070127570976	0.6573906775743077	0.6638573253739088	0.6867567892429931	0.4182268694369516	0.19477586839734953	0.9405750181819256	0.6951609280526061	0.6579073359905772	0.8236187838832159
