"G1"	"G2"	"G3"	"G4"	"G5"	"G6"	"G7"	"G8"	"G9"	"G10"	"G2_prot"	"G3_prot"	"G4_prot"	"G5_prot"	"G6_prot"	"G7_prot"	"G8_prot"	"G9_prot"	"G10_prot"
0.9778102398802797	0.8906989108422336	0.3147756955186952	0.9137399970298834	0.9900490979451413	0.2335211825547323	0.984462527465273	0.6525732079303109	0.5586002296714216	0.747472522103575	0.9778102398802797	0.8906989108422336	0.3147756955186952	0.9137399970298834	0.9900490979451413	0.2335211825547323	0.984462527465273	0.6525732079303109	0.5586002296714216	0.747472522103575
0.6987207682763066	0.7250657248658905	0.6548733038362278	0.734819492487017	0.06169166615572991	0.9888108837421916	0.5098182708828615	0.10753456809257678	0.8139108994276525	0.7367885799017483	0.6987207682763066	0.7250657248658905	0.6548733038362278	0.734819492487017	0.061691666155729914	0.9888108837421916	0.5098182708828615	0.10753456809257676	0.8139108994276526	0.7367885799017484
0.8219606473858359	0.2927478115814177	0.70570155600586	0.39733560692614556	0.08177607208839288	0.6526858353367305	0.7399337225778111	0.18113996621489595	0.881625201988586	0.9640780198578109	0.8219606473858359	0.2927478115814177	0.70570155600586	0.39733560692614556	0.08177607208839288	0.6526858353367305	0.7399337225778111	0.18113996621489595	0.881625201988586	0.9640780198578109
0.3862234153620657	0.6874054881921587	0.8089217584657465	0.6689544260540622	0.6422321000469131	0.1242866693162803	0.2460384568819794	0.7703896516055095	0.6845544078013802	0.7681301468020424	0.3862234153620657	0.6874054881921586	0.8089217584657464	0.6689544260540622	0.6422321000469131	0.1242866693162803	0.2460384568819794	0.7703896516055094	0.6845544078013802	0.7681301468020424
