"","link","MeanAUC","DyAcc","AUROC","AUPR","Acc0","Recall0","Pre0","FPR0","Fmeasure0"
"1",1718,0.999106586535158,0.856666666666667,0.488773526577583,0.141249233376082,0.7929,0.17967332123412,0.0576251455180442,0.171340882633083,0.0872631115028647
