"","link","MeanAUC","DyAcc","AUROC","AUPR","Acc0","Recall0","Pre0","FPR0","Fmeasure0"
"1",1708,0.999138209013209,0.979047619047619,0.501121215189873,0.116561241217799,0.8219,0.208,0.0152224824355972,0.170329113924051,0.0283687943262411
