"","link","AUROC","AUPR","Acc0","Recall0","Pre0","FPR0","Fmeasure0"
"1",417,0.427138318458105,0.252655758849663,0.598,0.393063583815029,0.0702479338842975,0.386764073914912,0.119193689745837
