"","link","AUROC","AUPR","Acc0","Recall0","Pre0","FPR0","Fmeasure0"
"1",585,0.582856724969233,0.0497989441018194,0.0328,1,0.0328,1,0.0635166537567777
