"","link","AUROC","AUPR","Acc0","Recall0","Pre0","FPR0","Fmeasure0"
"1",585,0.479218362282875,0.157925548164573,0.7464,0.25609756097561,0.0353535353535354,0.23697270471464,0.0621301775147929
