"","Seed1","Seed2","Seed3","Seed4","Seed5","Seed6","Seed7","Seed8","Seed9","Seed10"
"1",0.654947916666667,0.697916666666667,0.580729166666667,0.5,0.5,0.544270833333333,0.5,0.596354166666667,0.639322916666667,0.7734375
"2",0.954549153645833,0.83807373046875,0.71063232421875,0.809183756510417,0.8203125,0.706400553385417,0.919535319010417,0.777933756510417,0.764149983723958,1
"3",0.915751139322917,1,1,0.854685465494792,0.90142822265625,0.92364501953125,1,1,1,1
"4",0.97265625,1,1,1,1,1,1,1,1,1
"5",1,1,1,1,1,1,1,1,1,1
"6",1,1,1,1,1,1,1,1,1,1
