"","link","AUROC","AUPR","Acc0","Recall0","Pre0","FPR0","Fmeasure0"
"1",1996,0.499971934933271,0.171532795587371,0.7527,0.319327731092437,0.0156378600823045,0.242080761056573,0.0298156139662613
