"","link","AUROC","AUPR","Acc0","Recall0","Pre0","FPR0","Fmeasure0"
"1",48,0.432941176470592,0.423749999999998,0.55,0.6,0.1875,0.458823529411765,0.285714285714286
