"","link","AUROC","AUPR","Acc0","Recall0","Pre0","FPR0","Fmeasure0"
"1",576,0.490496573076822,0.16080265654649,0.7576,0.274193548387097,0.0294117647058824,0.230106644790812,0.053125
