"","link","AUROC","AUPR","Acc0","Recall0","Pre0","FPR0","Fmeasure0"
"1",40,0.507284382284382,0.22252564929971,0.22,1,0.22,1,0.360655737704918
