"","link","AUROC","AUPR","Acc0","Recall0","Pre0","FPR0","Fmeasure0"
"1",557,0.470491452991453,0.161915949820789,0.74,0.2125,0.0609318996415771,0.223931623931624,0.0947075208913649
