"","link","AUROC","AUPR","Acc0","Recall0","Pre0","FPR0","Fmeasure0"
"1",576,0.507531953743154,0.0242039755610222,0.0248,1,0.0248,1,0.04839968774395
