"","min","max","links","AUROC","AUPR","Acc","Recall","Pre","FPR","Fmeasure","AUROC0","AUPR0","Acc0","Recall0","Pre0","FPR0","Fmeasure0"
"1",NA,NA,NA,0.47069819881758,0.0234434675513766,0.8377,0.0443159922928709,0.02,0.118869317582533,0.0275614140203715,0.467576761191456,0.0332268803758793,0.8372,0.0350194552529183,0.0156521739130435,0.119333755007379,0.0216346153846154
"2",NA,NA,NA,0.47069819881758,0.0234434675513766,0.8377,0.0443159922928709,0.02,0.118869317582533,0.0275614140203715,0.467576761191456,0.0332268803758793,0.8372,0.0350194552529183,0.0156521739130435,0.119333755007379,0.0216346153846154
