"","link","AUROC","AUPR","Acc0","Recall0","Pre0","FPR0","Fmeasure0"
"1",1718,0.489143455966399,0.145061436020264,0.7891,0.186932849364791,0.058390022675737,0.175785797438882,0.0889848812095032
