"","link","AUROC","AUPR","Acc0","Recall0","Pre0","FPR0","Fmeasure0"
"1",1996,0.495918233703765,0.133491596638655,0.7909,0.243697478991597,0.0142857142857143,0.202509867422326,0.0269892973476035
