"","link","AUROC","AUPR","Acc0","Recall0","Pre0","FPR0","Fmeasure0"
"1",1497,0.540764644912784,0.0184540192061006,0.0166,1,0.0166,1,0.0326578792051938
