"","link","AUROC","AUPR","Acc0","Recall0","Pre0","FPR0","Fmeasure0"
"1",576,0.494852999550133,0.169319652097324,0.7552,0.290322580645161,0.0307167235494881,0.232977850697293,0.0555555555555556
