"","min","max","links","AUROC","AUPR","Acc","Recall","Pre","FPR","Fmeasure","AUROC0","AUPR0","Acc0","Recall0","Pre0","FPR0","Fmeasure0"
"1",NA,NA,NA,0.45217995273405,0.00941123670309911,0.822,0.0441176470588235,0.00783289817232376,0.15625,0.0133037694013304,0.458632386909183,0.0190996214601019,0.8224,0.0579710144927536,0.010443864229765,0.155902920608803,0.0176991150442478
"2",NA,NA,NA,0.45217995273405,0.00941123670309911,0.822,0.0441176470588235,0.00783289817232376,0.15625,0.0133037694013304,0.458632386909183,0.0190996214601019,0.8224,0.0579710144927536,0.010443864229765,0.155902920608803,0.0176991150442478
