"","link","AUROC","AUPR","Acc0","Recall0","Pre0","FPR0","Fmeasure0"
"1",40,0.367132867132867,0.342727272727267,0.5,0.363636363636364,0.181818181818182,0.461538461538462,0.242424242424242
