"","link","AUROC","AUPR","Acc0","Recall0","Pre0","FPR0","Fmeasure0"
"1",40,0.363344988344977,0.317424242424245,0.5,0.318181818181818,0.166666666666667,0.448717948717949,0.21875
