"","min","max","links","MeanAUC","DyAcc","AUROC","AUPR","Acc","Recall","Pre","FPR","Fmeasure","AUROC0","AUPR0","Acc0","Recall0","Pre0","FPR0","Fmeasure0"
"1",2,8,53,0.95,0.995,0.489995667415023,0.0627953084207142,0.48,0.571428571428571,0.0754716981132075,0.526881720430108,0.133333333333333,0.573888888888892,0.162442504489485,0.51,0.7,0.132075471698113,0.511111111111111,0.222222222222222
"2",NA,NA,NA,0.822222222222222,0.965,0.418999136955541,0.0422101545017028,0.54,0.285714285714286,0.0465116279069767,0.440860215053763,0.08,0.517222222222223,0.0986130850620359,0.57,0.5,0.116279069767442,0.422222222222222,0.188679245283019
"3",NA,NA,NA,0.877777777777778,0.895,0.44397121799296,0.106868867668499,0.5,0.375,0.0625,0.489130434782609,0.107142857142857,0.515555555555558,0.150685346052995,0.52,0.5,0.104166666666667,0.477777777777778,0.172413793103448
"4",2,6,43,0.888888888888889,0.99,0.427666995035509,0.0947606530426763,0.54,0.285714285714286,0.0465116279069767,0.440860215053763,0.08,0.517222222222221,0.147990635346826,0.57,0.5,0.116279069767442,0.422222222222222,0.188679245283019
