"","AUROC","AUPR","AUROC0","AUPR0"
"1",0.485188968335035,0.11404958677686,0.485188968335035,0.141322314049586
"2",0.415730337078652,0.02,0.415730337078652,0.055
"3",0.410112359550562,0.02,0.410112359550562,0.055
"4",0.469867211440246,0.105194805194805,0.469867211440246,0.132467532467532
