"","Acc","Recall","Pre","FPR","Fmeasure","Acc0","Recall0","Pre0","FPR0","Fmeasure0"
"1",0.78,0.0909090909090909,0.0769230769230769,0.134831460674157,0.0833333333333333,0.78,0.0909090909090909,0.0769230769230769,0.134831460674157,0.0833333333333333
"2",0.72,0,0,0.191011235955056,0,0.72,0,0,0.191011235955056,0
"3",0.7,0,0,0.213483146067416,0,0.7,0,0,0.213483146067416,0
"4",0.75,0.0909090909090909,0.0625,0.168539325842697,0.0740740740740741,0.75,0.0909090909090909,0.0625,0.168539325842697,0.0740740740740741
