"","min","max","links","MeanAUC","DyAcc","AUROC","AUPR","Acc","Recall","Pre","FPR","Fmeasure","AUROC0","AUPR0","Acc0","Recall0","Pre0","FPR0","Fmeasure0"
"1",4,7,57,0.994736842105263,0.99,0.323633324963748,0.0527042882780249,0.37,0.2,0.0350877192982456,0.611111111111111,0.0597014925373134,0.469411764705882,0.136239680973127,0.42,0.466666666666667,0.12280701754386,0.588235294117647,0.194444444444444
"2",4,7,53,0.994444444444444,0.99,0.418334386578719,0.0762890527804441,0.46,0.454545454545455,0.0943396226415094,0.539325842696629,0.15625,0.515686274509804,0.144379223123117,0.5,0.6,0.169811320754717,0.517647058823529,0.264705882352941
"3",4,7,48,0.994444444444444,0.99,0.489453235606504,0.14074679392399,0.52,0.5,0.125,0.477272727272727,0.2,0.565490196078429,0.233421486826352,0.55,0.6,0.1875,0.458823529411765,0.285714285714286
"4",4,8,63,0.994444444444444,0.99,0.326588548762967,0.0550741703651543,0.33,0.3,0.0476190476190476,0.666666666666667,0.0821917808219178,0.494117647058822,0.150762628891044,0.38,0.533333333333333,0.126984126984127,0.647058823529412,0.205128205128205
