"G1"	"G2"	"G3"	"G4"	"G5"	"G6"	"G7"	"G8"	"G9"	"G10"	"G2_prot"	"G3_prot"	"G4_prot"	"G5_prot"	"G6_prot"	"G7_prot"	"G8_prot"	"G9_prot"	"G10_prot"
0.927884501419828	0.7738003782759717	0.46679092003028155	0.04159925860313123	0.25497220419415845	0.2607497400202692	0.7608423924370568	0.35657677228913676	0.7764284896483791	0.8093781304741166	0.9278845014198279	0.7738003782759717	0.46679092003028155	0.04159925860313123	0.25497220419415845	0.2607497400202692	0.7608423924370569	0.35657677228913676	0.7764284896483791	0.8093781304741166
0.4325895377124158	0.35828187460750094	0.38467135688497744	0.5311281210972392	0.21630049161719017	0.37501034017676615	0.3687302711777489	0.2864117281900306	0.27342472796869643	0.6638664995399559	0.4325895377124158	0.35828187460750094	0.38467135688497744	0.5311281210972392	0.21630049161719014	0.37501034017676615	0.3687302711777489	0.2864117281900306	0.27342472796869643	0.6638664995399559
0.12520183974715016	0.14604290374113682	0.7075037422860673	0.28677723243715425	0.2615477977937324	0.6781689235650672	0.4242833641602026	0.5979840663110148	0.5579907958023328	0.6405554106365248	0.12520183974715016	0.14604290374113682	0.7075037422860674	0.28677723243715425	0.2615477977937324	0.6781689235650671	0.4242833641602026	0.5979840663110148	0.5579907958023328	0.6405554106365248
0.7476186303940101	0.893881945881345	0.571193067992526	0.10180932654423029	0.5942922880853869	0.25792485030533874	0.2731096750691866	0.5006110142166157	0.03983321435349152	0.917456067657323	0.7476186303940101	0.893881945881345	0.571193067992526	0.10180932654423029	0.5942922880853869	0.25792485030533874	0.2731096750691866	0.5006110142166157	0.03983321435349152	0.917456067657323
