"G1"	"G2"	"G3"	"G4"	"G5"	"G6"	"G7"	"G8"	"G9"	"G10"	"G2_prot"	"G3_prot"	"G4_prot"	"G5_prot"	"G6_prot"	"G7_prot"	"G8_prot"	"G9_prot"	"G10_prot"
0.4731673756856881	0.9662395979718229	0.6093187200544652	0.982946580540125	0.9458397711427406	0.444185130676769	0.6694886407383227	0.08219540805751147	0.14585903648310616	0.5518440212753025	0.4731673756856881	0.9662395979718229	0.6093187200544652	0.982946580540125	0.9458397711427406	0.444185130676769	0.6694886407383227	0.08219540805751147	0.14585903648310616	0.5518440212753025
0.0964211281953451	0.7624249268820915	0.7503754252765138	0.42995961823072176	0.7750500083234744	0.9771727305318028	0.4594112971755684	0.9398950372203257	0.659532626578735	0.027365439607071853	0.0964211281953451	0.7624249268820915	0.7503754252765137	0.42995961823072176	0.7750500083234744	0.9771727305318028	0.4594112971755684	0.9398950372203257	0.659532626578735	0.027365439607071853
0.48652666982496207	0.32418962313780963	0.3147266063985189	0.5573470209553588	0.4951161545987871	0.8207079776043382	0.6350089544995429	0.4756807767106739	0.4912954592984401	0.37820418999243965	0.48652666982496207	0.32418962313780963	0.3147266063985189	0.5573470209553588	0.4951161545987871	0.8207079776043382	0.6350089544995429	0.47568077671067394	0.4912954592984401	0.37820418999243965
0.7400455876176992	0.8273452627685319	0.0049231993170925185	0.18351471018965182	0.3416714364081097	0.7057115789721851	0.9490942627477376	0.8329560188333494	0.14803254255759946	0.17637546637718227	0.7400455876176992	0.8273452627685319	0.0049231993170925185	0.18351471018965182	0.3416714364081097	0.7057115789721851	0.9490942627477376	0.8329560188333494	0.14803254255759946	0.17637546637718227
