"","link","AUROC","AUPR","Acc0","Recall0","Pre0","FPR0","Fmeasure0"
"1",59,0.28826666666663,0.603648648648658,0.45,0.88,0.297297297297297,0.693333333333333,0.444444444444444
