"","min","max","links","AUROC","AUPR","Acc","Recall","Pre","FPR","Fmeasure","AUROC0","AUPR0","Acc0","Recall0","Pre0","FPR0","Fmeasure0"
"1",NA,NA,NA,0.472107899477011,0.0176668223668604,0.8497,0.0558659217877095,0.0168776371308017,0.120825554864136,0.0259235255994815,0.455573481311518,0.0190451533100682,0.8482,0.0145772594752187,0.00421940928270042,0.122191156673915,0.00654450261780105
"2",NA,NA,NA,0.472107899477011,0.0176668223668604,0.8497,0.0558659217877095,0.0168776371308017,0.120825554864136,0.0259235255994815,0.455573481311518,0.0190451533100682,0.8482,0.0145772594752187,0.00421940928270042,0.122191156673915,0.00654450261780105
