"","link","AUROC","AUPR","Acc0","Recall0","Pre0","FPR0","Fmeasure0"
"1",1700,0.544893530575907,0.0512164811580227,0.0389,1,0.0389,1,0.0748868996053518
