"","link","AUROC","AUPR","Acc0","Recall0","Pre0","FPR0","Fmeasure0"
"1",417,0.469343295965183,0.123725173273429,0.7804,0.132947976878613,0.0545023696682464,0.171465406102278,0.0773109243697479
