"","link","MeanAUC","DyAcc","AUROC","AUPR","Acc0","Recall0","Pre0","FPR0","Fmeasure0"
"1",1718,1,0.467619047619048,0.46604610979681,0.109091874441432,0.7873,0.128856624319419,0.0413271245634459,0.174304159170283,0.0625826355222565
