"","AUROC","AUPR","AUROC0","AUPR0"
"1",0.576763962936411,0.152952476865721,0.601123595505619,0.170708299723849
"2",0.449189854104564,0.0692775938465597,0.484167517875383,0.0960770569421765
"3",0.424283732635789,0.0755713206987689,0.462206332992849,0.0938754488923621
"4",0.624543521397449,0.173850393230811,0.62665985699693,0.176513709956332
