"","MeanAUC","DyAcc"
"1",0.947368421052632,0.97
"2",0.93625730994152,0.945
"3",0.940045188729399,0.965
"4",0.952368421052632,0.96
