"","Acc","Recall","Pre","FPR","Fmeasure","Acc0","Recall0","Pre0","FPR0","Fmeasure0"
"1",0.23,1,0.0941176470588235,0.83695652173913,0.172043010752688,0.26,1,0.129411764705882,0.831460674157303,0.229166666666667
"2",0.21,1,0.0705882352941176,0.840425531914894,0.131868131868132,0.26,1,0.129411764705882,0.831460674157303,0.229166666666667
"3",0.22,1,0.103448275862069,0.857142857142857,0.1875,0.24,1,0.126436781609195,0.853932584269663,0.224489795918367
"4",0.25,1,0.107142857142857,0.824175824175824,0.193548387096774,0.27,1,0.130952380952381,0.820224719101124,0.231578947368421
