"","min","max","links","AUROC","AUPR","Acc","Recall","Pre","FPR","Fmeasure","AUROC0","AUPR0","Acc0","Recall0","Pre0","FPR0","Fmeasure0"
"1",0,28,1277,0.471338265178074,0.00604334065314686,0.863,0.0654205607476635,0.00548159749412686,0.128373597493177,0.0101156069364162,0.468072263115542,0.00802275700244066,0.8629,0.0566037735849057,0.00469851213782302,0.128461693955933,0.00867678958785249
"2",0,28,1277,0.471338265178074,0.00604334065314686,0.863,0.0654205607476635,0.00548159749412686,0.128373597493177,0.0101156069364162,0.468072263115542,0.00802275700244066,0.8629,0.0566037735849057,0.00469851213782302,0.128461693955933,0.00867678958785249
