"","link","AUROC","AUPR","Acc0","Recall0","Pre0","FPR0","Fmeasure0"
"1",53,0.349999999999994,0.322169811320755,0.47,0.5,0.0943396226415094,0.533333333333333,0.158730158730159
