"","link","AUROC","AUPR","Acc0","Recall0","Pre0","FPR0","Fmeasure0"
"1",40,0.495337995338005,0.472727272727269,0.62,0.545454545454545,0.3,0.358974358974359,0.387096774193548
