"","AUROC","AUPR","AUROC0","AUPR0"
"1",0.400397799372203,0.0264859333885069,0.529062406590496,0.194121732026144
"2",0.392640449438202,0.0495511088011088,0.394727045738282,0.0706239526239526
"3",0.4350987402111,0.106098659405111,0.331521739130435,0.04
"4",0.281914893617021,0.005,0.440453818098949,0.0842161917038737
