"","Acc","Recall","Pre","FPR","Fmeasure","Acc0","Recall0","Pre0","FPR0","Fmeasure0"
"1",0.56,0.142857142857143,0.0256410256410256,0.408602150537634,0.0434782608695652,0.58,0.333333333333333,0.0769230769230769,0.395604395604396,0.125
"2",0.56,0.2,0.0526315789473684,0.4,0.0833333333333333,0.56,0.2,0.0526315789473684,0.4,0.0833333333333333
"3",0.57,0.2,0.0540540540540541,0.388888888888889,0.0851063829787234,0.55,0,0,0.402173913043478,0
"4",0.51,0,0,0.457446808510638,0,0.53,0.25,0.0465116279069767,0.445652173913043,0.0784313725490196
