"","link","MeanAUC","DyAcc","AUROC","AUPR","Acc0","Recall0","Pre0","FPR0","Fmeasure0"
"1",45,1,0.419047619047619,0.468845760980599,0.415959595959599,0.58,0.636363636363636,0.155555555555556,0.426966292134831,0.25
