"","link","AUROC","AUPR","Acc0","Recall0","Pre0","FPR0","Fmeasure0"
"1",576,0.47043782582233,0.142743979559246,0.7448,0.241935483870968,0.0247524752475248,0.242411812961444,0.0449101796407186
