"","link","AUROC","AUPR","Acc0","Recall0","Pre0","FPR0","Fmeasure0"
"1",59,0.318933333333348,0.590000000000003,0.47,0.84,0.3,0.653333333333333,0.442105263157895
