"","link","MeanAUC","DyAcc","AUROC","AUPR","Acc0","Recall0","Pre0","FPR0","Fmeasure0"
"1",417,1,0.491428571428571,0.489131109791813,0.151276425333722,0.788,0.173410404624277,0.0719424460431655,0.166308551783412,0.101694915254237
