"","link","MeanAUC","DyAcc","AUROC","AUPR","Acc0","Recall0","Pre0","FPR0","Fmeasure0"
"1",40,0.983496822971613,0.966666666666667,0.520104895104879,0.502954545454557,0.64,0.590909090909091,0.325,0.346153846153846,0.419354838709677
