"","AUROC","AUPR","AUROC0","AUPR0"
"1",0.424908424908425,0.0401851851851852,0.53217568947906,0.214736324281777
"2",0.406666666666667,0.0471739130434783,0.411575303597775,0.0614501537110233
"3",0.388888888888889,0.015,0.388888888888889,0.05
"4",0.335164835164835,0.015,0.45097037793667,0.0936868686868682
