"","Acc","Recall","Pre","FPR","Fmeasure","Acc0","Recall0","Pre0","FPR0","Fmeasure0"
"1",0.6,0.111111111111111,0.0303030303030303,0.351648351648352,0.0476190476190476,0.62,0.272727272727273,0.0909090909090909,0.337078651685393,0.136363636363636
"2",0.65,0.2,0.0689655172413793,0.3,0.102564102564103,0.64,0.111111111111111,0.0344827586206897,0.307692307692308,0.0526315789473684
"3",0.67,0,0,0.255555555555556,0,0.67,0,0,0.255555555555556,0
"4",0.6,0,0,0.347826086956522,0,0.62,0.2,0.0625,0.333333333333333,0.0952380952380952
