"","link","AUROC","AUPR","Acc0","Recall0","Pre0","FPR0","Fmeasure0"
"1",48,0.488400488400488,0.137222222222222,0.81,0.111111111111111,0.0833333333333333,0.120879120879121,0.0952380952380952
"2",90,0.424297924297923,0.117777777777778,0.705,0.111111111111111,0.0444444444444444,0.236263736263736,0.0634920634920635
"3",84,0.483516483516485,0.193730158730158,0.74,0.222222222222222,0.0952380952380952,0.208791208791209,0.133333333333333
"4",76,0.45837148962149,0.141089181286549,0.745,0.138888888888889,0.0657894736842105,0.195054945054945,0.0892857142857143
"5",13,0.496947496947497,0.0961004273504273,0.8825,0.0277777777777778,0.0769230769230769,0.032967032967033,0.0408163265306122
"6",48,0.447535103785104,0.0680555555555555,0.795,0.0277777777777778,0.0208333333333333,0.129120879120879,0.0238095238095238
