"","link","AUROC","AUPR","Acc0","Recall0","Pre0","FPR0","Fmeasure0"
"1",414,0.464360341779142,0.0179814520209687,0.898,0.00775193798449612,0.00261096605744125,0.0784233216998563,0.00390625
"2",264,0.477981933894478,0.0129,0.9313,0,0,0.044036132211045,0
"3",882,0.472623929950872,0.0374168235407217,0.8875,0.0387596899224806,0.0112739571589628,0.0900225826319031,0.0174672489082969
"4",681,0.51935279036347,0.0907559422387423,0.9095,0.116279069767442,0.0424328147100424,0.0694929172654486,0.0621761658031088
"5",364,0.487070488367319,0.0226848326092512,0.9384,0.0116279069767442,0.00824175824175824,0.0370560459864504,0.00964630225080386
