"","link","AUROC","AUPR","Acc0","Recall0","Pre0","FPR0","Fmeasure0"
"1",2074,0.497606911604127,0.190585741817033,0.7594,0.250750750750751,0.0805207328833173,0.204306835226055,0.121897810218978
