"","link","AUROC","AUPR","Acc0","Recall0","Pre0","FPR0","Fmeasure0"
"1",80,0.503090659340657,0.215,0.755,0.25,0.1125,0.195054945054945,0.155172413793103
"2",54,0.547733516483516,0.242083333333333,0.82,0.25,0.166666666666667,0.123626373626374,0.2
"3",39,0.474130036630036,0.0959188034188034,0.8225,0.0555555555555556,0.0512820512820513,0.101648351648352,0.0533333333333333
"4",28,0.548076923076922,0.227976190476191,0.87,0.166666666666667,0.214285714285714,0.0604395604395604,0.1875
"5",43,0.509996947496947,0.166333979328167,0.8275,0.138888888888889,0.116279069767442,0.104395604395604,0.126582278481013
"6",45,0.492979242979242,0.14,0.8175,0.111111111111111,0.0888888888888889,0.112637362637363,0.0987654320987654
