"","link","AUROC","AUPR","Acc0","Recall0","Pre0","FPR0","Fmeasure0"
"1",1708,0.516893164556961,0.137680301274623,0.8211,0.248,0.0179606025492468,0.171645569620253,0.0334954078876283
