"","link","AUROC","AUPR","Acc0","Recall0","Pre0","FPR0","Fmeasure0"
"1",40,0.47552447552448,0.465584415584416,0.6,0.545454545454545,0.285714285714286,0.384615384615385,0.375
