"","min","max","links","AUROC","AUPR","Acc","Recall","Pre","FPR","Fmeasure","AUROC0","AUPR0","Acc0","Recall0","Pre0","FPR0","Fmeasure0"
"1",2,6,35,0.396804563521113,0.134095362418472,0.54,0.176470588235294,0.0857142857142857,0.385542168674699,0.115384615384615,0.468954001600188,0.216714906896087,0.57,0.3,0.171428571428571,0.3625,0.218181818181818
"2",3,6,39,0.48509512867771,0.183596928248672,0.54,0.294117647058824,0.128205128205128,0.409638554216867,0.178571428571429,0.521031581498129,0.273491017934372,0.56,0.368421052631579,0.179487179487179,0.395061728395062,0.241379310344828
"3",2,6,37,0.405976405422158,0.133292137227934,0.52,0.210526315789474,0.108108108108108,0.407407407407407,0.142857142857143,0.377592736270013,0.123255617926548,0.51,0.166666666666667,0.0810810810810811,0.414634146341463,0.109090909090909
"4",2,6,38,0.43026683123648,0.120955845761219,0.54,0.277777777777778,0.131578947368421,0.402439024390244,0.178571428571429,0.323455896126265,0.0808644305116255,0.5,0.0714285714285714,0.0263157894736842,0.430232558139535,0.0384615384615385
