"","min","max","links","AUROC","AUPR","Acc","Recall","Pre","FPR","Fmeasure","AUROC0","AUPR0","Acc0","Recall0","Pre0","FPR0","Fmeasure0"
"1",0,28,1351,0.451075512449832,0.0040683976948298,0.8551,0.0545454545454545,0.00444115470022206,0.135995955510617,0.0082135523613963,0.441576838766633,0.0056596746922682,0.8547,0.0188679245283019,0.00148038490007402,0.136345259753386,0.00274536719286205
"2",0,28,1351,0.451075512449832,0.0040683976948298,0.8551,0.0545454545454545,0.00444115470022206,0.135995955510617,0.0082135523613963,0.441576838766633,0.0056596746922682,0.8547,0.0188679245283019,0.00148038490007402,0.136345259753386,0.00274536719286205
