"","min","max","links","AUROC","AUPR","Acc","Recall","Pre","FPR","Fmeasure","AUROC0","AUPR0","Acc0","Recall0","Pre0","FPR0","Fmeasure0"
"1",0,14,339,0.447471809280474,0.00821613683761996,0.8364,0.027027027027027,0.00589970501474926,0.138911788953009,0.00968523002421308,0.466686377064551,0.0226799769790128,0.8376,0.0649350649350649,0.0147492625368732,0.13784564589352,0.0240384615384615
"2",0,14,339,0.447471809280474,0.00821613683761996,0.8364,0.027027027027027,0.00589970501474926,0.138911788953009,0.00968523002421308,0.466686377064551,0.0226799769790128,0.8376,0.0649350649350649,0.0147492625368732,0.13784564589352,0.0240384615384615
