"","min","max","links","AUROC","AUPR","Acc","Recall","Pre","FPR","Fmeasure","AUROC0","AUPR0","Acc0","Recall0","Pre0","FPR0","Fmeasure0"
"1",NA,NA,NA,0.338709677419355,0.005,0.62,0,0,0.333333333333333,0,0.482777777777778,0.0901939799331104,0.65,0.3,0.0967741935483871,0.311111111111111,0.146341463414634
"2",NA,NA,NA,0.338709677419355,0.005,0.62,0,0,0.333333333333333,0,0.482777777777778,0.0901939799331104,0.65,0.3,0.0967741935483871,0.311111111111111,0.146341463414634
