"","link","AUROC","AUPR","Acc0","Recall0","Pre0","FPR0","Fmeasure0"
"1",48,0.412941176470611,0.51844827586207,0.51,0.8,0.206896551724138,0.541176470588235,0.328767123287671
