"","link","AUROC","AUPR","Acc0","Recall0","Pre0","FPR0","Fmeasure0"
"1",415,0.304656136269813,0.274004647983595,0.4076,0.506493506493506,0.0263157894736842,0.595542715641766,0.0500320718409237
