"","link","AUROC","AUPR","Acc0","Recall0","Pre0","FPR0","Fmeasure0"
"1",557,0.48341479700855,0.180896428571428,0.7432,0.24375,0.0696428571428571,0.222649572649573,0.108333333333333
