"","link","AUROC","AUPR","Acc0","Recall0","Pre0","FPR0","Fmeasure0"
"1",417,0.497127214826703,0.162944067867094,0.7904,0.190751445086705,0.079136690647482,0.165019338203696,0.111864406779661
