"","link","AUROC","AUPR","Acc0","Recall0","Pre0","FPR0","Fmeasure0"
"1",53,0.311111111111103,0.267037037037037,0.44,0.4,0.0740740740740741,0.555555555555556,0.125
