"","min","max","links","AUROC","AUPR","Acc","Recall","Pre","FPR","Fmeasure","AUROC0","AUPR0","Acc0","Recall0","Pre0","FPR0","Fmeasure0"
"1",NA,NA,NA,0.468144205837939,0.0343461235301394,0.7984,0.0821917808219178,0.031413612565445,0.157179269328802,0.0454545454545455,0.454268562291484,0.0398579038982738,0.7968,0.0563380281690141,0.0209424083769634,0.158608990670059,0.0305343511450382
"2",NA,NA,NA,0.468144205837939,0.0343461235301394,0.7984,0.0821917808219178,0.031413612565445,0.157179269328802,0.0454545454545455,0.454268562291484,0.0398579038982738,0.7968,0.0563380281690141,0.0209424083769634,0.158608990670059,0.0305343511450382
