"","link","MeanAUC","DyAcc","AUROC","AUPR","Acc0","Recall0","Pre0","FPR0","Fmeasure0"
"1",59,0.982622377622378,0.961904761904762,0.389866666666677,0.547542372881367,0.52,0.72,0.305084745762712,0.546666666666667,0.428571428571429
