"","link","AUROC","AUPR","Acc0","Recall0","Pre0","FPR0","Fmeasure0"
"1",1700,0.478986026882756,0.1126111900978,0.802,0.15681233933162,0.0356100408639813,0.171886380189366,0.0580399619410086
