"","min","max","links","AUROC","AUPR","Acc","Recall","Pre","FPR","Fmeasure","AUROC0","AUPR0","Acc0","Recall0","Pre0","FPR0","Fmeasure0"
"1",1,24,317,0.488165192789745,0.0119941053615093,0.9437,0.008,0.00630914826498423,0.0323076923076923,0.00705467372134039,0.498278489649469,0.0243728579836387,0.9442,0.0274509803921569,0.0220820189274448,0.0318111852231914,0.0244755244755245
"2",1,26,413,0.489302305914498,0.0247786399528762,0.9341,0.01953125,0.0121065375302663,0.041871921182266,0.0149476831091181,0.493143648774029,0.0310456526564336,0.9343,0.0271317829457364,0.0169491525423729,0.0416752206939027,0.0208643815201192
"3",1,25,454,0.486643620486918,0.0143784732131813,0.9302,0.0196850393700787,0.0110132158590308,0.0460701826390314,0.0141242937853107,0.486529978743758,0.0179781288930926,0.9302,0.0196850393700787,0.0110132158590308,0.0460701826390314,0.0141242937853107
"4",1,35,333,0.493284198547583,0.0165932432547594,0.9425,0.0198412698412698,0.015015015015015,0.0336479277800575,0.0170940170940171,0.497265990674736,0.024063205979525,0.9427,0.0275590551181102,0.021021021021021,0.0334496203570696,0.0238500851788756
"5",1,27,290,0.497450674969964,0.0189912601595817,0.9473,0.0240963855421687,0.0206896551724138,0.0291252179263665,0.0222634508348794,0.497338928013858,0.0225841555540826,0.9473,0.0240963855421687,0.0206896551724138,0.0291252179263665,0.0222634508348794
