"","min","max","links","AUROC","AUPR","Acc","Recall","Pre","FPR","Fmeasure","AUROC0","AUPR0","Acc0","Recall0","Pre0","FPR0","Fmeasure0"
"1",2,8,25,0.480006105006105,0.0625347222222222,0.8525,0.0277777777777778,0.04,0.0659340659340659,0.0327868852459016,0.465753424657534,0.04375,0.85,0,0,0.0684931506849315,0
"2",1,6,19,0.523475773396946,0.119447449851334,0.885,0.0909090909090909,0.157894736842105,0.0435967302452316,0.115384615384615,0.523475773396946,0.121720177124061,0.885,0.0909090909090909,0.157894736842105,0.0435967302452316,0.115384615384615
"3",1,5,29,0.46027397260274,0.04125,0.84,0,0,0.0794520547945206,0,0.46027397260274,0.04375,0.84,0,0,0.0794520547945206,0
"4",1,6,14,0.495968688845401,0.0757857142857143,0.8825,0.0285714285714286,0.0714285714285714,0.0356164383561644,0.0408163265306122,0.495968688845401,0.0782142857142857,0.8825,0.0285714285714286,0.0714285714285714,0.0356164383561644,0.0408163265306122
"5",1,5,18,0.490567514677104,0.0680079365079365,0.8725,0.0285714285714286,0.0555555555555556,0.0465753424657534,0.0377358490566038,0.490567514677104,0.0704365079365079,0.8725,0.0285714285714286,0.0555555555555556,0.0465753424657534,0.0377358490566038
"6",1,4,12,0.498511904761905,0.0832175925925926,0.885,0.0277777777777778,0.0833333333333333,0.0302197802197802,0.0416666666666667,0.498511904761905,0.0856481481481482,0.885,0.0277777777777778,0.0833333333333333,0.0302197802197802,0.0416666666666667
