"","min","max","links","AUROC","AUPR","Acc","Recall","Pre","FPR","Fmeasure","AUROC0","AUPR0","Acc0","Recall0","Pre0","FPR0","Fmeasure0"
"1",1,7,37,0.498563218390805,0.00885,0.9707,0,0,0.00379720853858785,0,0.498563218390805,0.0128,0.9707,0,0,0.00379720853858785,0
"2",1,18,179,0.494977951786398,0.0143785713215081,0.9571,0.0078740157480315,0.0111731843575419,0.0181612969423353,0.0092378752886836,0.494977951786398,0.0182974689593034,0.9571,0.0078740157480315,0.0111731843575419,0.0181612969423353,0.0092378752886836
"3",2,6,22,0.498870868404845,0.00895,0.972,0,0,0.00225826319031,0,0.498870868404845,0.0129,0.972,0,0,0.00225826319031,0
"4",1,10,50,0.497536440156025,0.00895,0.9692,0,0,0.00513241634161363,0,0.497536440156025,0.0129,0.9692,0,0,0.00513241634161363,0
"5",1,8,79,0.497972894475929,0.0153272682655209,0.9665,0.00387596899224806,0.0126582278481013,0.00800656949291727,0.00593471810089021,0.497972894475929,0.0192619581880015,0.9665,0.00387596899224806,0.0126582278481013,0.00800656949291727,0.00593471810089021
