"","min","max","links","AUROC","AUPR","Acc","Recall","Pre","FPR","Fmeasure","AUROC0","AUPR0","Acc0","Recall0","Pre0","FPR0","Fmeasure0"
"1",1,1,2,0.497252747252747,0.0425,0.905,0,0,0.00549450549450549,0,0.497252747252747,0.045,0.905,0,0,0.00549450549450549,0
"2",1,3,7,0.490384615384615,0.0425,0.8925,0,0,0.0192307692307692,0,0.490384615384615,0.045,0.8925,0,0,0.0192307692307692,0
"3",1,6,18,0.509060880862439,0.0922553175310528,0.885,0.0625,0.111111111111111,0.0434782608695652,0.08,0.509060880862439,0.0945990675310528,0.885,0.0625,0.111111111111111,0.0434782608695652,0.08
"4",1,4,13,0.530515818452886,0.162568126318126,0.8975,0.0882352941176471,0.230769230769231,0.0273224043715847,0.127659574468085,0.530515818452886,0.164847538082832,0.8975,0.0882352941176471,0.230769230769231,0.0273224043715847,0.127659574468085
"5",1,4,12,0.498550061050061,0.0832175925925926,0.885,0.0277777777777778,0.0833333333333333,0.0302197802197802,0.0416666666666667,0.498550061050061,0.0856481481481481,0.885,0.0277777777777778,0.0833333333333333,0.0302197802197802,0.0416666666666667
"6",1,4,11,0.500381562881563,0.10524515993266,0.8875,0.0277777777777778,0.0909090909090909,0.0274725274725275,0.0425531914893617,0.484931506849315,0.04375,0.885,0,0,0.0301369863013699,0
