"","link","AUROC","AUPR","Acc0","Recall0","Pre0","FPR0","Fmeasure0"
"1",48,0.488400488400488,0.137222222222222,0.81,0.111111111111111,0.0833333333333333,0.120879120879121,0.0952380952380952
"2",90,0.523809523809526,0.263333333333335,0.745,0.333333333333333,0.133333333333333,0.214285714285714,0.19047619047619
"3",84,0.445856227106228,0.137956349206349,0.725,0.138888888888889,0.0595238095238095,0.217032967032967,0.0833333333333333
"4",76,0.509958791208792,0.217960526315791,0.765,0.25,0.118421052631579,0.184065934065934,0.160714285714286
"5",13,0.480769230769231,0.045,0.875,0,0,0.0384615384615385,0
"6",48,0.474702380952381,0.114166666666667,0.805,0.0833333333333333,0.0625,0.123626373626374,0.0714285714285714
