"","link","AUROC","AUPR","Acc0","Recall0","Pre0","FPR0","Fmeasure0"
"1",470,0.491095058716434,0.0496259005927953,0.909,0.0542635658914729,0.0205882352941176,0.0683637856702936,0.0298507462686567
"2",451,0.499515404410536,0.0487716729843254,0.9312,0.0465116279069767,0.026431718061674,0.0453705604598645,0.0337078651685393
"3",755,0.494363890705791,0.0587884828349945,0.9022,0.0697674418604651,0.0238095238095238,0.0757544652022172,0.0355029585798817
"4",487,0.503382023652084,0.0565886199008768,0.9284,0.0581395348837209,0.0307377049180328,0.048552658591665,0.0402144772117962
"5",744,0.511675053591976,0.0820207426856714,0.9052,0.104651162790698,0.0362903225806452,0.0735988503387395,0.0538922155688623
