"","link","AUROC","AUPR","Acc0","Recall0","Pre0","FPR0","Fmeasure0"
"1",80,0.474168192918192,0.176155149051489,0.74,0.194444444444444,0.0853658536585366,0.206043956043956,0.11864406779661
"2",54,0.473137973137971,0.130038314176245,0.785,0.111111111111111,0.0689655172413793,0.148351648351648,0.0851063829787234
"3",39,0.514690170940171,0.170694444444445,0.835,0.138888888888889,0.125,0.0961538461538462,0.131578947368421
"4",28,0.504464285714286,0.136488095238096,0.855,0.0833333333333333,0.107142857142857,0.0686813186813187,0.09375
"5",43,0.50843253968254,0.165012626262627,0.825,0.138888888888889,0.113636363636364,0.107142857142857,0.125
"6",45,0.519230769230768,0.186050724637681,0.825,0.166666666666667,0.130434782608696,0.10989010989011,0.146341463414634
