"","link","AUROC","AUPR","Acc0","Recall0","Pre0","FPR0","Fmeasure0"
"1",414,0.44983142598419,0.0289941809465524,0.854,0.0271317829457364,0.00575657894736842,0.124101827140218,0.00949796472184532
"2",264,0.495930073413447,0.0316682806895754,0.9484,0.0193798449612403,0.0186567164179104,0.0269965099568877,0.0190114068441065
"3",882,0.487445870911374,0.0570878025628857,0.8896,0.0697674418604651,0.0204081632653061,0.0886881543830836,0.0315789473684211
"4",681,0.494706051795232,0.0548379572165769,0.9092,0.062015503875969,0.0234604105571848,0.0683637856702936,0.0340425531914894
"5",364,0.504349424453219,0.0520393304370048,0.9402,0.0465116279069767,0.032967032967033,0.03613221104496,0.0385852090032154
