"","AUROC","AUPR","AUROC0","AUPR0"
"1",0.605409715128818,0.167098028925228,0.619509703779368,0.179453959742631
"2",0.490650013047017,0.0776098783314403,0.528089887640449,0.110961292998644
"3",0.484830325729202,0.0852106802743475,0.503575076608785,0.10377832686831
"4",0.674157303370787,0.198822971200494,0.674157303370787,0.199732062109584
