"","MeanAUC","DyAcc"
"1",0.947368421052632,0.97
"2",0.914540138224349,0.92
"3",0.948378522062733,0.97
"4",0.952368421052632,0.96
