"","link","AUROC","AUPR","Acc0","Recall0","Pre0","FPR0","Fmeasure0"
"1",585,0.431754221388367,0.0906269122283059,0.7408,0.134146341463415,0.0187074829931973,0.238626964433416,0.0328358208955224
