"","link","MeanAUC","DyAcc","AUROC","AUPR","Acc0","Recall0","Pre0","FPR0","Fmeasure0"
"1",417,0.998877989074418,0.973333333333333,0.505145676166439,0.174611710400466,0.7928,0.208092485549133,0.0863309352517986,0.163730124623979,0.122033898305085
