"","min","max","links","AUROC","AUPR","Acc","Recall","Pre","FPR","Fmeasure","AUROC0","AUPR0","Acc0","Recall0","Pre0","FPR0","Fmeasure0"
"1",1,7,39,0.400397799372203,0.0264859333885069,0.56,0.142857142857143,0.0256410256410256,0.408602150537634,0.0434782608695652,0.529062406590496,0.194121732026144,0.58,0.333333333333333,0.0769230769230769,0.395604395604396,0.125
"2",3,5,38,0.392640449438202,0.0495511088011088,0.56,0.2,0.0526315789473684,0.4,0.0833333333333333,0.394727045738282,0.0706239526239526,0.56,0.2,0.0526315789473684,0.4,0.0833333333333333
"3",2,5,37,0.4350987402111,0.106098659405111,0.57,0.2,0.0540540540540541,0.388888888888889,0.0851063829787234,0.331521739130435,0.04,0.55,0,0,0.402173913043478,0
"4",2,6,43,0.281914893617021,0.005,0.51,0,0,0.457446808510638,0,0.440453818098949,0.0842161917038737,0.53,0.25,0.0465116279069767,0.445652173913043,0.0784313725490196
