"","link","AUROC","AUPR","Acc0","Recall0","Pre0","FPR0","Fmeasure0"
"1",1708,0.335907645569591,0.381143802725503,0.3897,0.744,0.0150876054510058,0.614784810126582,0.0295754491970107
