"","link","AUROC","AUPR","Acc0","Recall0","Pre0","FPR0","Fmeasure0"
"1",48,0.370980392156866,0.344761904761903,0.5,0.466666666666667,0.142857142857143,0.494117647058824,0.21875
