"","link","AUROC","AUPR","Acc0","Recall0","Pre0","FPR0","Fmeasure0"
"1",45,0.634320735444334,0.138304660963357,0.11,1,0.11,1,0.198198198198198
