"","link","AUROC","AUPR","Acc0","Recall0","Pre0","FPR0","Fmeasure0"
"1",45,0.349336057201242,0.398526645768023,0.45,0.636363636363636,0.120689655172414,0.573033707865168,0.202898550724638
