"","link","AUROC","AUPR","Acc0","Recall0","Pre0","FPR0","Fmeasure0"
"1",417,0.422798711283228,0.0589470082739565,0.0692,1,0.0692,1,0.129442573887018
