"","link","AUROC","AUPR","Acc0","Recall0","Pre0","FPR0","Fmeasure0"
"1",415,0.500214395592028,0.134614622414623,0.8092,0.207792207792208,0.037037037037037,0.171687990094924,0.0628683693516699
