"","link","MeanAUC","DyAcc","AUROC","AUPR","Acc0","Recall0","Pre0","FPR0","Fmeasure0"
"1",53,0.997368421052632,0.995238095238095,0.288888888888891,0.213301886792454,0.43,0.3,0.0566037735849057,0.555555555555556,0.0952380952380952
