Method,AUROC,Runtime
LogBTF,0.501,25.174
GRISLI,0.49458,95.4941067
SCODE,0.438,5.934
SINCERITIES,0.498,12.893
GENIE3,0.493,97.019
TREGRESS,0.492,2403.995
CLR,0.493,1.896
