"","link","AUROC","AUPR","Acc0","Recall0","Pre0","FPR0","Fmeasure0"
"1",1361,0.498744298187194,0.142221510497282,0.8176,0.153153153153153,0.0748898678414097,0.134990357831583,0.100591715976331
