"","link","MeanAUC","DyAcc","AUROC","AUPR","Acc0","Recall0","Pre0","FPR0","Fmeasure0"
"1",1361,1,0.980857908847185,0.49738387412482,0.140112767947962,0.8173,0.15015015015015,0.0734753857457752,0.135097493036212,0.0986679822397632
