"","link","AUROC","AUPR","Acc0","Recall0","Pre0","FPR0","Fmeasure0"
"1",415,0.52640817704788,0.165193574846207,0.818,0.25974025974026,0.0478468899521531,0.164259182831201,0.0808080808080808
