"","link","MeanAUC","DyAcc","AUROC","AUPR","Acc0","Recall0","Pre0","FPR0","Fmeasure0"
"1",1497,0.999227421271539,0.843333333333333,0.486567992531443,0.0874051886906344,0.8385,0.144578313253012,0.0160320641282565,0.149786455155583,0.0288634996993385
