"","link","MeanAUC","DyAcc","AUROC","AUPR","Acc0","Recall0","Pre0","FPR0","Fmeasure0"
"1",1497,1,0.467619047619048,0.504916554564813,0.110477535392069,0.8399,0.186746987951807,0.0207080828323313,0.149074639007525,0.037282020444979
