"","link","AUROC","AUPR","Acc0","Recall0","Pre0","FPR0","Fmeasure0"
"1",415,0.519753873860353,0.038576757215294,0.0308,1,0.0308,1,0.0597594101668607
