"","link","AUROC","AUPR","Acc0","Recall0","Pre0","FPR0","Fmeasure0"
"1",576,0.477569530815845,0.143343520482197,0.756,0.241935483870968,0.0259515570934256,0.230926989335521,0.046875
