"","link","MeanAUC","DyAcc","AUROC","AUPR","Acc0","Recall0","Pre0","FPR0","Fmeasure0"
"1",1708,1,0.408095238095238,0.497741772151901,0.11231850117096,0.8217,0.2,0.0146370023419204,0.170430379746835,0.0272776868521549
