"","link","AUROC","AUPR","Acc0","Recall0","Pre0","FPR0","Fmeasure0"
"1",576,0.225502130249538,0.435096910591286,0.26,0.838709677419355,0.0274841437632135,0.754716981132076,0.0532241555783009
