"","link","AUROC","AUPR","Acc0","Recall0","Pre0","FPR0","Fmeasure0"
"1",1497,0.48819285684532,0.0906074795881016,0.837,0.150602409638554,0.0165125495376486,0.151413463494,0.0297619047619048
