"","link","MeanAUC","DyAcc","AUROC","AUPR","Acc0","Recall0","Pre0","FPR0","Fmeasure0"
"1",1996,1,0.442857142857143,0.433075871781766,0.0499718167427292,0.7905,0.0840336134453782,0.00501002004008016,0.200991802449145,0.00945626477541371
