"","link","AUROC","AUPR","Acc0","Recall0","Pre0","FPR0","Fmeasure0"
"1",1497,0.378546829171484,0.286740052469455,0.49,0.548192771084337,0.0177873338545739,0.51098230628432,0.0344566452101477
