"","link","AUROC","AUPR","Acc0","Recall0","Pre0","FPR0","Fmeasure0"
"1",1700,0.348797396085615,0.287693806531466,0.4615,0.519280205655527,0.0374074074074074,0.54083862241182,0.0697875280704785
