"","min","max","links","AUROC","AUPR","Acc","Recall","Pre","FPR","Fmeasure","AUROC0","AUPR0","Acc0","Recall0","Pre0","FPR0","Fmeasure0"
"1",2,4,33,0.360772745785585,0.0675565063344981,0.52,0.105263157894737,0.0606060606060606,0.382716049382716,0.0769230769230769,0.405967450271247,0.155168621220716,0.54,0.19047619047619,0.121212121212121,0.367088607594937,0.148148148148148
"2",2,4,33,0.360772745785585,0.0675565063344981,0.52,0.105263157894737,0.0606060606060606,0.382716049382716,0.0769230769230769,0.405967450271247,0.155168621220716,0.54,0.19047619047619,0.121212121212121,0.367088607594937,0.148148148148148
