"","link","MeanAUC","DyAcc","AUROC","AUPR","Acc0","Recall0","Pre0","FPR0","Fmeasure0"
"1",48,1,0.376190476190476,0.489411764705892,0.501249999999999,0.59,0.733333333333333,0.229166666666667,0.435294117647059,0.349206349206349
