"","link","AUROC","AUPR","Acc0","Recall0","Pre0","FPR0","Fmeasure0"
"1",1700,0.474280889051988,0.109154175692431,0.7975,0.151670951156812,0.0336374002280502,0.17636042035168,0.05506299580028
