"","link","AUROC","AUPR","Acc0","Recall0","Pre0","FPR0","Fmeasure0"
"1",36,0.853365384615385,0.761250000000018,0.955,0.75,0.75,0.0247252747252747,0.75
"2",36,0.805860805860807,0.681666666666644,0.94,0.666666666666667,0.666666666666667,0.032967032967033,0.666666666666667
"3",36,0.774572649572649,0.628611111111127,0.93,0.611111111111111,0.611111111111111,0.0384615384615385,0.611111111111111
"4",36,0.743589743589745,0.575555555555553,0.92,0.555555555555556,0.555555555555556,0.043956043956044,0.555555555555556
"5",36,0.759043040293042,0.602083333333326,0.925,0.583333333333333,0.583333333333333,0.0412087912087912,0.583333333333333
"6",36,0.790178571428571,0.655138888888899,0.935,0.638888888888889,0.638888888888889,0.0357142857142857,0.638888888888889
