"","link","AUROC","AUPR","Acc0","Recall0","Pre0","FPR0","Fmeasure0"
"1",258,0.597869808501191,0.230980232558139,0.9598,0.22093023255814,0.22093023255814,0.0206323136932868,0.22093023255814
"2",258,0.609640945701423,0.253936046511626,0.961,0.244186046511628,0.244186046511628,0.0200164237322932,0.244186046511628
"3",258,0.623392041810494,0.280717829457366,0.9624,0.271317829457364,0.271317829457364,0.0192978854444673,0.271317829457364
"4",258,0.613567840995354,0.261587984496124,0.9614,0.251937984496124,0.251937984496124,0.0198111270786286,0.251937984496124
"5",258,0.621426405924002,0.27689186046512,0.9622,0.267441860465116,0.267441860465116,0.0194005337712995,0.267441860465116
