"","link","AUROC","AUPR","Acc0","Recall0","Pre0","FPR0","Fmeasure0"
"1",258,0.676614602480429,0.384018992248059,0.9678,0.375968992248062,0.375968992248062,0.0165263806199959,0.375968992248062
"2",258,0.625358075558717,0.284543798449612,0.9626,0.275193798449612,0.275193798449612,0.019195237117635,0.275193798449612
"3",258,0.666736690331483,0.364889147286824,0.9668,0.356589147286822,0.356589147286822,0.0170396222541573,0.356589147286822
"4",258,0.617496327736214,0.269239922480622,0.9618,0.25968992248062,0.25968992248062,0.0196058304249641,0.25968992248062
"5",258,0.617496327736214,0.269239922480622,0.9618,0.25968992248062,0.25968992248062,0.0196058304249641,0.25968992248062
