"","link","AUROC","AUPR","Acc0","Recall0","Pre0","FPR0","Fmeasure0"
"1",36,0.821619352869352,0.708194444444445,0.945,0.694444444444444,0.694444444444444,0.0302197802197802,0.694444444444444
"2",36,0.774572649572649,0.628611111111127,0.93,0.611111111111111,0.611111111111111,0.0384615384615385,0.611111111111111
"3",36,0.790178571428571,0.655138888888899,0.935,0.638888888888889,0.638888888888889,0.0357142857142857,0.638888888888889
"4",36,0.790178571428571,0.655138888888899,0.935,0.638888888888889,0.638888888888889,0.0357142857142857,0.638888888888889
"5",36,0.774572649572649,0.628611111111127,0.93,0.611111111111111,0.611111111111111,0.0384615384615385,0.611111111111111
"6",36,0.759043040293042,0.602083333333326,0.925,0.583333333333333,0.583333333333333,0.0412087912087912,0.583333333333333
