"","link","AUROC","AUPR","Acc0","Recall0","Pre0","FPR0","Fmeasure0"
"1",1996,0.496232902633778,0.133509233322959,0.7914,0.243697478991597,0.014320987654321,0.202003845764599,0.0270522388059701
