"","link","AUROC","AUPR","Acc0","Recall0","Pre0","FPR0","Fmeasure0"
"1",585,0.171215880893271,0.360790558932834,0.2192,0.682926829268293,0.0282542885973764,0.796526054590571,0.0542635658914729
