"","link","AUROC","AUPR","Acc0","Recall0","Pre0","FPR0","Fmeasure0"
"1",48,0.611764705882365,0.65625,0.67,1,0.3125,0.388235294117647,0.476190476190476
