"","link","AUROC","AUPR","Acc0","Recall0","Pre0","FPR0","Fmeasure0"
"1",59,0.294399999999996,0.585833333333326,0.45,0.84,0.291666666666667,0.68,0.43298969072165
