"","min","max","links","AUROC","AUPR","Acc","Recall","Pre","FPR","Fmeasure","AUROC0","AUPR0","Acc0","Recall0","Pre0","FPR0","Fmeasure0"
"1",3,5,39,0.418333333333333,0.0553980084396044,0.57,0.3,0.0769230769230769,0.4,0.122448979591837,0.295698924731183,0.035,0.54,0,0,0.419354838709677,0
"2",NA,NA,NA,0.348901098901099,0.0400486029940041,0.43,0.375,0.0545454545454545,0.565217391304348,0.0952380952380952,0.312672750477744,0.109149987667307,0.41,0.166666666666667,0.0181818181818182,0.574468085106383,0.0327868852459016
"3",2,7,49,0.486762256463344,0.0680745933278391,0.53,0.625,0.102040816326531,0.478260869565217,0.175438596491228,0.456700266125002,0.0583510005402124,0.51,0.5,0.0612244897959184,0.48936170212766,0.109090909090909
"4",2,6,39,0.453638583638584,0.0522386378625337,0.57,0.25,0.0512820512820513,0.402173913043478,0.0851063829787234,0.379755434782609,0.0511290322580645,0.57,0.25,0.0512820512820513,0.402173913043478,0.0851063829787234
