"","link","MeanAUC","DyAcc","AUROC","AUPR","Acc0","Recall0","Pre0","FPR0","Fmeasure0"
"1",585,0.998571428571429,0.989523809523809,0.491436179870483,0.171702022097143,0.7516,0.280487804878049,0.0393162393162393,0.232423490488007,0.0689655172413793
