"","link","AUROC","AUPR","Acc0","Recall0","Pre0","FPR0","Fmeasure0"
"1",1708,0.509815898734175,0.137133079434168,0.8099,0.248,0.0168661588683351,0.182987341772152,0.0315843097300051
