"","link","AUROC","AUPR","Acc0","Recall0","Pre0","FPR0","Fmeasure0"
"1",585,0.169127882345833,0.360747921676401,0.2168,0.682926829268293,0.028169014084507,0.799007444168734,0.0541062801932367
