"","link","AUROC","AUPR","Acc0","Recall0","Pre0","FPR0","Fmeasure0"
"1",585,0.475851842885671,0.151358022233284,0.748,0.24390243902439,0.0340136054421769,0.23490488006617,0.0597014925373134
