"","link","AUROC","AUPR","Acc0","Recall0","Pre0","FPR0","Fmeasure0"
"1",557,0.368060897435896,0.291102380952381,0.4944,0.4875,0.0619047619047619,0.505128205128205,0.109859154929577
