"","min","max","links","MeanAUC","DyAcc","AUROC","AUPR","Acc","Recall","Pre","FPR","Fmeasure","AUROC0","AUPR0","Acc0","Recall0","Pre0","FPR0","Fmeasure0"
"1",1,8,48,0.657894736842105,0.655555555555556,0.45773831288013,0.0388693390295722,0.8225,0.04,0.0208333333333333,0.125333333333333,0.0273972602739726,0.61523199023199,0.209818876079257,0.85,0.333333333333333,0.25,0.0989010989010989,0.285714285714286
"2",1,16,90,0.649685422602089,0.618421052631579,0.424162951306932,0.0456641432972866,0.715,0.1,0.0333333333333333,0.235135135135135,0.05,0.501755189255189,0.134697061998928,0.73,0.25,0.1,0.222527472527473,0.142857142857143
"3",1,18,84,0.5609329696791,0.624137931034483,0.484266813287794,0.0706494150684842,0.74,0.1875,0.0714285714285714,0.21195652173913,0.103448275862069,0.531059218559219,0.114752417909354,0.75,0.277777777777778,0.119047619047619,0.203296703296703,0.166666666666667
"4",1,19,76,0.561423494983278,0.551282051282051,0.504777003653671,0.126570585435221,0.7625,0.193548387096774,0.0789473684210526,0.18970189701897,0.11214953271028,0.564751221001222,0.17175937876045,0.775,0.305555555555556,0.144736842105263,0.178571428571429,0.196428571428571
"5",1,6,13,0.518074324324324,0.508163265306122,0.497100122100122,0.0799752331002331,0.8825,0.0277777777777778,0.0769230769230769,0.032967032967033,0.0408163265306122,0.497100122100122,0.0824057886557887,0.8825,0.0277777777777778,0.0769230769230769,0.032967032967033,0.0408163265306122
"6",1,19,48,0.565126157038875,0.58728813559322,0.434426229508197,0.04,0.795,0,0,0.131147540983607,0,0.464094932844933,0.064114967089105,0.8,0.0555555555555556,0.0416666666666667,0.126373626373626,0.0476190476190476
