"","min","max","links","MeanAUC","DyAcc","AUROC","AUPR","Acc","Recall","Pre","FPR","Fmeasure","AUROC0","AUPR0","Acc0","Recall0","Pre0","FPR0","Fmeasure0"
"1",1,9,80,0.772243107769424,0.8,0.432915851272016,0.058062452383193,0.7275,0.0857142857142857,0.0375,0.210958904109589,0.0521739130434783,0.447687728937729,0.066124423204685,0.73,0.111111111111111,0.05,0.208791208791209,0.0689655172413793
"2",3,14,54,0.56678841991342,0.497368421052632,0.552710317556517,0.145517444363087,0.82,0.235294117647059,0.148148148148148,0.12568306010929,0.181818181818182,0.575396825396825,0.167885434765935,0.825,0.277777777777778,0.185185185185185,0.120879120879121,0.222222222222222
"3",1,9,39,0.565968920308838,0.555172413793103,0.44672131147541,0.04,0.8175,0,0,0.10655737704918,0,0.477716727716728,0.0703706247456248,0.8225,0.0555555555555556,0.0512820512820513,0.101648351648352,0.0533333333333333
"4",1,8,28,0.546673152871616,0.452564102564103,0.491529304029304,0.09086414100303,0.85,0.0555555555555556,0.0714285714285714,0.0714285714285714,0.0625,0.491529304029304,0.093225252114141,0.85,0.0555555555555556,0.0714285714285714,0.0714285714285714,0.0625
"5",1,16,43,0.553157922298415,0.520408163265306,0.484811957569913,0.0714552599258649,0.8225,0.0882352941176471,0.0697674418604651,0.109289617486339,0.0779220779220779,0.513507326007326,0.112815722775,0.8275,0.138888888888889,0.116279069767442,0.104395604395604,0.126582278481013
"6",1,17,45,0.531265954324425,0.524576271186441,0.452602739726027,0.0512135114208285,0.805,0.0285714285714286,0.0222222222222222,0.120547945205479,0.025,0.466422466422466,0.064909208715103,0.8075,0.0555555555555556,0.0444444444444444,0.118131868131868,0.0493827160493827
