"","min","max","links","MeanAUC","DyAcc","AUROC","AUPR","Acc","Recall","Pre","FPR","Fmeasure","AUROC0","AUPR0","Acc0","Recall0","Pre0","FPR0","Fmeasure0"
"1",1,44,470,0.638785460992908,0.637777777777778,0.502228106003519,0.0265226876987678,0.9309,0.0526315789473684,0.0276595744680851,0.0468573772172665,0.0362622036262204,0.515546845036038,0.041177022574809,0.932,0.0930232558139535,0.051063829787234,0.0457811537671936,0.0659340659340659
"2",1,25,451,0.587348332223332,0.571578947368421,0.485278415402511,0.0133842156335509,0.9302,0.0156862745098039,0.00886917960088692,0.0458696767573114,0.0113314447592068,0.491115150733896,0.0227887582785377,0.9305,0.0271317829457364,0.0155210643015521,0.0455758571135291,0.0197461212976023
"3",1,33,755,0.635992168706094,0.594827586206897,0.470256291690812,0.0130745252709222,0.9011,0.0165289256198347,0.00529801324503311,0.0769624923139988,0.00802407221664995,0.501694890977928,0.0347127448146071,0.9027,0.0775193798449612,0.0264900662251656,0.0754465202217204,0.0394866732477789
"4",1,32,487,0.567643892227494,0.532820512820513,0.481199370450199,0.013519177273239,0.9269,0.012,0.00616016427104723,0.0496410256410256,0.00814111261872456,0.496955760958306,0.0280648244534311,0.9277,0.0426356589147287,0.0225872689938398,0.0488606035721618,0.0295302013422819
"5",1,49,744,0.612100238731092,0.584897959183673,0.495708037631334,0.0223245508640558,0.9034,0.06640625,0.0228494623655914,0.0746100164203612,0.034,0.499588014176609,0.0274342989470645,0.9036,0.0736434108527132,0.0255376344086022,0.0744200369533977,0.0379241516966068
