"","min","max","links","MeanAUC","DyAcc","AUROC","AUPR","Acc","Recall","Pre","FPR","Fmeasure","AUROC0","AUPR0","Acc0","Recall0","Pre0","FPR0","Fmeasure0"
"1",1,25,414,0.825854700854701,0.803333333333333,0.539477250179716,0.0443071953427232,0.941,0.114035087719298,0.0628019323671498,0.0397052803929595,0.0809968847352025,0.592646082892105,0.0955403256624372,0.944,0.217054263565891,0.135265700483092,0.0367481010059536,0.166666666666667
"2",1,15,264,0.638337085212085,0.617368421052632,0.502695712164543,0.0245667815446504,0.9494,0.0310077519379845,0.0303030303030303,0.0262779716690618,0.0306513409961686,0.502695712164543,0.0283943009244953,0.9494,0.0310077519379845,0.0303030303030303,0.0262779716690618,0.0306513409961686
"3",1,35,882,0.648363092933102,0.582413793103448,0.506639034391438,0.0231913399324348,0.8912,0.0743801652892562,0.0204081632653061,0.0885427341668375,0.0320284697508897,0.535512541397513,0.0428156333760756,0.8928,0.131782945736434,0.0385487528344671,0.0870457811537672,0.0596491228070175
"4",1,31,681,0.642877111403732,0.526666666666667,0.479524949447906,0.0132906713820095,0.9078,0.0237154150197628,0.00881057268722467,0.0692520775623269,0.012847965738758,0.489076905081331,0.0231540273778817,0.9083,0.0426356589147287,0.0161527165932452,0.0687743789776227,0.0234291799787007
"5",1,26,364,0.56306613574828,0.372857142857143,0.485956399681693,0.0115872784342325,0.9385,0.00784313725490196,0.00549450549450549,0.0371472550025654,0.00646203554119548,0.491817376690713,0.0198250751109977,0.9388,0.0193798449612403,0.0137362637362637,0.0368507493327859,0.0160771704180064
