"","link","AUROC","AUPR","Acc0","Recall0","Pre0","FPR0","Fmeasure0"
"1",1996,0.131531612746301,0.431158274018563,0.1507,0.848739495798319,0.011777052238806,0.857706709847181,0.0232317423806786
