"","link","MeanAUC","DyAcc","AUROC","AUPR","Acc0","Recall0","Pre0","FPR0","Fmeasure0"
"1",415,1,0.446666666666667,0.476151170331937,0.0978815834767641,0.812,0.142857142857143,0.0265060240963855,0.166735451919109,0.0447154471544715
