"","link","AUROC","AUPR","Acc0","Recall0","Pre0","FPR0","Fmeasure0"
"1",1708,0.538700151898734,0.013472994703366,0.0125,1,0.0125,1,0.0246913580246914
