"","link","AUROC","AUPR","Acc0","Recall0","Pre0","FPR0","Fmeasure0"
"1",1996,0.133402617195031,0.431172038689249,0.1527,0.848739495798319,0.0118045815801777,0.855682623216274,0.0232853025936599
