"","link","AUROC","AUPR","Acc0","Recall0","Pre0","FPR0","Fmeasure0"
"1",1497,0.378585727902447,0.295816411063659,0.4848,0.566265060240964,0.0181677618863549,0.516575147447631,0.0352059925093633
