"","min","max","links","AUROC","AUPR","Acc","Recall","Pre","FPR","Fmeasure","AUROC0","AUPR0","Acc0","Recall0","Pre0","FPR0","Fmeasure0"
"1",1,5,36,0.522280757806902,0.28304384946253,0.57,0.347826086956522,0.222222222222222,0.363636363636364,0.271186440677966,0.517027809147375,0.264497705295604,0.57,0.347826086956522,0.222222222222222,0.363636363636364,0.271186440677966
"2",1,5,36,0.522280757806902,0.28304384946253,0.57,0.347826086956522,0.222222222222222,0.363636363636364,0.271186440677966,0.517027809147375,0.264497705295604,0.57,0.347826086956522,0.222222222222222,0.363636363636364,0.271186440677966
