"","link","AUROC","AUPR","Acc0","Recall0","Pre0","FPR0","Fmeasure0"
"1",470,0.500556807493805,0.051273585683655,0.9298,0.0503875968992248,0.0276595744680851,0.0469102853623486,0.0357142857142857
"2",451,0.505391424329086,0.0578494791935235,0.9321,0.0581395348837209,0.0332594235033259,0.0447546704988709,0.0423131170662905
"3",755,0.475975915042197,0.0333018892140254,0.9003,0.0310077519379845,0.0105960264900662,0.0766783001437077,0.0157946692991115
"4",487,0.499640332994355,0.0507908210368814,0.9281,0.0503875968992248,0.026694045174538,0.0486553069184972,0.0348993288590604
"5",744,0.526504156063652,0.102500962740685,0.9068,0.135658914728682,0.0470430107526882,0.0727776637240813,0.0698602794411178
