"","link","AUROC","AUPR","Acc0","Recall0","Pre0","FPR0","Fmeasure0"
"1",48,0.474702380952381,0.114166666666667,0.805,0.0833333333333333,0.0625,0.123626373626374,0.0714285714285714
"2",90,0.461042429792428,0.172361111111112,0.72,0.194444444444444,0.0777777777777778,0.228021978021978,0.111111111111111
"3",84,0.445856227106228,0.137956349206349,0.725,0.138888888888889,0.0595238095238095,0.217032967032967,0.0833333333333333
"4",76,0.496947496947499,0.198742690058479,0.76,0.222222222222222,0.105263157894737,0.186813186813187,0.142857142857143
"5",13,0.511828449328449,0.147200854700855,0.8875,0.0555555555555556,0.153846153846154,0.0302197802197802,0.0816326530612245
"6",48,0.543956043956044,0.229444444444447,0.83,0.222222222222222,0.166666666666667,0.10989010989011,0.19047619047619
