"","link","MeanAUC","DyAcc","AUROC","AUPR","Acc0","Recall0","Pre0","FPR0","Fmeasure0"
"1",1700,1,0.440952380952381,0.477516256410354,0.109688416754877,0.8029,0.151670951156812,0.0347058823529412,0.170741858287379,0.0564863571086644
