"","link","AUROC","AUPR","Acc0","Recall0","Pre0","FPR0","Fmeasure0"
"1",417,0.490273765373065,0.154638401727271,0.7864,0.179190751445087,0.0732860520094563,0.168457241082939,0.104026845637584
