"","link","AUROC","AUPR","Acc0","Recall0","Pre0","FPR0","Fmeasure0"
"1",40,0.338286713286713,0.261136363636364,0.48,0.227272727272727,0.125,0.448717948717949,0.161290322580645
