"","link","AUROC","AUPR","Acc0","Recall0","Pre0","FPR0","Fmeasure0"
"1",1708,0.406914835443018,0.338182915360502,0.4935,0.656,0.0160658307210031,0.508556962025316,0.0313635494358386
