"","link","MeanAUC","DyAcc","AUROC","AUPR","Acc0","Recall0","Pre0","FPR0","Fmeasure0"
"1",1700,0.998840909090909,0.984761904761905,0.491045099084463,0.128041993044004,0.8053,0.182519280205656,0.0417647058823529,0.169493288939757,0.0679751077070369
