"","link","AUROC","AUPR","Acc0","Recall0","Pre0","FPR0","Fmeasure0"
"1",36,0.549641330891331,0.230694444444445,0.855,0.194444444444444,0.194444444444444,0.0796703296703297,0.194444444444444
"2",36,0.53525641025641,0.204166666666667,0.85,0.166666666666667,0.166666666666667,0.0824175824175824,0.166666666666667
"3",36,0.564102564102564,0.257222222222222,0.86,0.222222222222222,0.222222222222222,0.0769230769230769,0.222222222222222
"4",36,0.450549450549451,0.045,0.82,0,0,0.0989010989010989,0
"5",36,0.478479853479854,0.0980555555555553,0.83,0.0555555555555556,0.0555555555555556,0.0934065934065934,0.0555555555555556
"6",36,0.450549450549451,0.045,0.82,0,0,0.0989010989010989,0
