"","link","AUROC","AUPR","Acc0","Recall0","Pre0","FPR0","Fmeasure0"
"1",1718,0.357509768267875,0.296144261703091,0.4751,0.511796733212341,0.0535917901938426,0.527039898401947,0.0970239119215551
