"","link","MeanAUC","DyAcc","AUROC","AUPR","Acc0","Recall0","Pre0","FPR0","Fmeasure0"
"1",1996,0.998717948717949,0.987142857142857,0.487777238210331,0.120406723531096,0.7937,0.218487394957983,0.0130260521042084,0.199372533144419,0.0245862884160757
