"","link","MeanAUC","DyAcc","AUROC","AUPR","Acc0","Recall0","Pre0","FPR0","Fmeasure0"
"1",59,1,0.423809523809524,0.349866666666657,0.500593220338985,0.48,0.64,0.271186440677966,0.573333333333333,0.380952380952381
