"","link","AUROC","AUPR","Acc0","Recall0","Pre0","FPR0","Fmeasure0"
"1",48,0.450588235294116,0.125655597534226,0.15,1,0.15,1,0.260869565217391
