"","link","AUROC","AUPR","Acc0","Recall0","Pre0","FPR0","Fmeasure0"
"1",36003,0.493080148189029,0.0229027654022719,0.949486148943367,0.0274675520676124,0.00758249083435174,0.0402029782900992,0.0118842914045665
