"","link","MeanAUC","DyAcc","AUROC","AUPR","Acc0","Recall0","Pre0","FPR0","Fmeasure0"
"1",36003,1,0.574199553239017,0.493471629630716,0.0234119766801686,0.949505065071481,0.0282724620183117,0.00780490514679332,0.0401928518787306,0.0122328152888425
