"","min","max","links","MeanAUC","DyAcc","AUROC","AUPR","Acc0","Recall0","Pre0","FPR0","Fmeasure0"
"1",3,131,30473,0.71191399069673,0.730813629488098,0.501759993922002,0.01217963698966,0.955860884117574,0.0374283127075158,0.0122075279755849,0.0338683454006402,0.0184103731564882
