"","min","max","links","AUROC","AUPR","Acc0","Recall0","Pre0","FPR0","Fmeasure0"
"1",7,67,27457,0.498163389057062,0.0104020163726099,0.958965354555004,0.0260589596538887,0.00943293149287978,0.0306020151558623,0.0138517488501444
