"","min","max","links","AUROC","AUPR","Acc0","Recall0","Pre0","FPR0","Fmeasure0"
"1",16,58,3331,0.493164190476191,0.0473986913235018,0.6522,0.304,0.0342239567697388,0.334233766233766,0.0615218564490016
