"","min","max","links","AUROC","AUPR","Acc0","Recall0","Pre0","FPR0","Fmeasure0"
"1",8,32,1848,0.507997229437229,0.0474957797341022,0.7925,0.197333333333333,0.04004329004329,0.184311688311688,0.0665766981556455
