"","Acc","Recall","Pre","FPR","Fmeasure","Acc0","Recall0","Pre0","FPR0","Fmeasure0"
"1",0.49,0.8,0.140350877192982,0.544444444444444,0.238805970149254,0.5,0.818181818181818,0.157894736842105,0.539325842696629,0.264705882352941
"2",0.57,0.444444444444444,0.0952380952380952,0.417582417582418,0.156862745098039,0.59,0.545454545454545,0.142857142857143,0.404494382022472,0.226415094339623
"3",0.52,0.5,0.104166666666667,0.477777777777778,0.172413793103448,0.53,0.545454545454545,0.125,0.471910112359551,0.203389830508475
"4",0.62,0.818181818181818,0.2,0.404494382022472,0.321428571428571,0.62,0.818181818181818,0.2,0.404494382022472,0.321428571428571
