"","link","AUROC","AUPR","Acc0","Recall0","Pre0","FPR0","Fmeasure0"
"1",1700,0.349150060756756,0.289007833291155,0.4613,0.521850899742931,0.0375647668393782,0.541150764748725,0.070084584843777
