"","link","AUROC","AUPR","Acc0","Recall0","Pre0","FPR0","Fmeasure0"
"1",1361,0,0.533299999999997,0.0666,1,0.0666,1,0.124882805175323
