"","min","max","links","MeanAUC","DyAcc","AUROC","AUPR","Acc0","Recall0","Pre0","FPR0","Fmeasure0"
"1",1,39,1361,0.598829065885824,0.711854838709677,0.519660114367635,0.0803524435082923,0.8205,0.174174174174174,0.0852314474650992,0.13338332976216,0.114454859398125
