"","min","max","links","AUROC","AUPR","Acc0","Recall0","Pre0","FPR0","Fmeasure0"
"1",1,24,1194,0.514925655245989,0.0749123390027916,0.8336,0.147147147147147,0.0820770519262982,0.117420184272552,0.105376344086022
