"","link","AUROC","AUPR","Acc0","Recall0","Pre0","FPR0","Fmeasure0"
"1",1361,0.502302200421978,0.14756080022754,0.8186,0.160660660660661,0.07856093979442,0.134454681808442,0.105522682445759
