"","min","max","links","AUROC","AUPR","Acc","Recall","Pre","FPR","Fmeasure","AUROC0","AUPR0","Acc0","Recall0","Pre0","FPR0","Fmeasure0"
"1",0,18,429,0.505602091228321,0.0182981016142973,0.8152,0.188679245283019,0.0233100233100233,0.171230077646097,0.04149377593361,0.495340175694183,0.0225823127710452,0.8144,0.156862745098039,0.0186480186480186,0.171906900775827,0.0333333333333333
"2",0,18,429,0.505602091228321,0.0182981016142973,0.8152,0.188679245283019,0.0233100233100233,0.171230077646097,0.04149377593361,0.495340175694183,0.0225823127710452,0.8144,0.156862745098039,0.0186480186480186,0.171906900775827,0.0333333333333333
