"","link","AUROC","AUPR","Acc0","Recall0","Pre0","FPR0","Fmeasure0"
"1",53,0.111111111111143,0.555555555555557,0.2,1,0.111111111111111,0.888888888888889,0.2
