"","link","AUROC","AUPR","Acc0","Recall0","Pre0","FPR0","Fmeasure0"
"1",576,0.221731191616641,0.435024659950477,0.256,0.838709677419355,0.0273396424815983,0.758818703855619,0.0529531568228106
