"","link","AUROC","AUPR","Acc0","Recall0","Pre0","FPR0","Fmeasure0"
"1",585,0.448856644273636,0.117405220654213,0.74,0.182926829268293,0.0250836120401338,0.24110835401158,0.0441176470588235
