"","link","MeanAUC","DyAcc","AUROC","AUPR","Acc0","Recall0","Pre0","FPR0","Fmeasure0"
"1",576,1,0.385714285714286,0.426582471089471,0.0735280017921146,0.7504,0.112903225806452,0.0121527777777778,0.233388022969647,0.0219435736677116
