"","link","MeanAUC","DyAcc","AUROC","AUPR","Acc0","Recall0","Pre0","FPR0","Fmeasure0"
"1",45,0.963980116235755,0.914285714285714,0.504596527068429,0.467525252525249,0.6,0.727272727272727,0.177777777777778,0.415730337078652,0.285714285714286
