"","link","AUROC","AUPR","Acc0","Recall0","Pre0","FPR0","Fmeasure0"
"1",1708,0.489966177215189,0.103766666666667,0.8196,0.184,0.0133333333333333,0.172354430379747,0.0248648648648649
